index,rate
0,5
1,4
2,5
3,4
4,1
5,4
6,2
7,5
8,5
9,5
10,5
11,5
12,4
13,5
14,3
15,1
16,5
17,5
18,4
19,4
20,5
21,5
22,4
23,3
24,5
25,1
26,5
27,5
28,5
29,3
30,3
31,4
32,5
33,5
34,4
35,5
36,2
37,3
38,4
39,3
40,5
41,5
42,5
43,5
44,1
45,3
46,3
47,5
48,2
49,4
50,3
51,5
52,5
53,5
54,5
55,1
56,5
57,5
58,4
59,4
60,4
61,3
62,5
63,5
64,5
65,5
66,5
67,4
68,4
69,4
70,5
71,4
72,5
73,3
74,1
75,4
76,5
77,2
78,5
79,3
80,5
81,5
82,4
83,5
84,3
85,4
86,4
87,3
88,4
89,5
90,5
91,5
92,5
93,1
94,2
95,5
96,4
97,3
98,5
99,3
100,4
101,5
102,4
103,5
104,5
105,5
106,4
107,5
108,4
109,4
110,4
111,5
112,5
113,5
114,4
115,5
116,4
117,2
118,4
119,4
120,3
121,5
122,3
123,5
124,5
125,5
126,5
127,4
128,5
129,5
130,2
131,4
132,4
133,4
134,5
135,5
136,5
137,2
138,4
139,4
140,4
141,5
142,5
143,2
144,5
145,4
146,5
147,5
148,3
149,5
150,2
151,5
152,4
153,4
154,4
155,1
156,5
157,5
158,5
159,5
160,4
161,5
162,5
163,5
164,5
165,5
166,5
167,1
168,4
169,4
170,5
171,5
172,5
173,5
174,5
175,5
176,4
177,3
178,1
179,5
180,4
181,5
182,4
183,5
184,5
185,4
186,5
187,4
188,3
189,5
190,5
191,2
192,5
193,5
194,5
195,3
196,5
197,5
198,5
199,2
200,5
201,4
202,5
203,5
204,2
205,4
206,1
207,2
208,5
209,4
210,4
211,4
212,5
213,5
214,3
215,1
216,4
217,4
218,4
219,5
220,4
221,5
222,4
223,5
224,1
225,5
226,5
227,5
228,5
229,4
230,5
231,4
232,4
233,5
234,3
235,5
236,4
237,5
238,5
239,4
240,3
241,4
242,5
243,2
244,3
245,5
246,2
247,5
248,5
249,3
250,1
251,3
252,5
253,5
254,5
255,5
256,5
257,4
258,5
259,5
260,5
261,4
262,4
263,3
264,5
265,5
266,5
267,5
268,3
269,5
270,5
271,2
272,5
273,4
274,1
275,5
276,5
277,5
278,5
279,5
280,5
281,1
282,5
283,1
284,5
285,5
286,5
287,5
288,4
289,5
290,4
291,4
292,5
293,1
294,3
295,1
296,5
297,2
298,4
299,2
300,4
301,2
302,5
303,3
304,5
305,5
306,1
307,1
308,4
309,5
310,2
311,4
312,5
313,5
314,1
315,4
316,4
317,1
318,3
319,5
320,4
321,1
322,5
323,1
324,4
325,2
326,1
327,3
328,5
329,5
330,5
331,4
332,4
333,3
334,4
335,5
336,5
337,5
338,4
339,5
340,5
341,5
342,4
343,5
344,5
345,5
346,5
347,4
348,2
349,4
350,5
351,2
352,5
353,5
354,1
355,5
356,5
357,5
358,5
359,4
360,5
361,2
362,5
363,5
364,4
365,5
366,4
367,4
368,3
369,1
370,5
371,2
372,4
373,2
374,5
375,2
376,4
377,4
378,3
379,5
380,2
381,1
382,4
383,5
384,5
385,3
386,4
387,5
388,5
389,5
390,2
391,5
392,5
393,5
394,3
395,3
396,5
397,4
398,5
399,5
400,5
401,4
402,2
403,5
404,4
405,5
406,5
407,4
408,3
409,4
410,4
411,5
412,4
413,4
414,5
415,2
416,5
417,5
418,3
419,1
420,4
421,1
422,3
423,5
424,4
425,5
426,1
427,4
428,3
429,4
430,5
431,5
432,4
433,5
434,5
435,1
436,4
437,1
438,4
439,5
440,5
441,5
442,5
443,5
444,5
445,3
446,4
447,1
448,5
449,3
450,5
451,5
452,5
453,2
454,4
455,1
456,5
457,5
458,5
459,5
460,5
461,3
462,5
463,4
464,3
465,5
466,5
467,5
468,1
469,3
470,4
471,2
472,5
473,5
474,3
475,5
476,5
477,4
478,5
479,2
480,5
481,5
482,5
483,3
484,4
485,5
486,4
487,1
488,4
489,5
490,2
491,2
492,5
493,5
494,4
495,4
496,5
497,1
498,4
499,3
500,5
501,3
502,5
503,3
504,5
505,4
506,4
507,1
508,2
509,5
510,1
511,5
512,3
513,5
514,1
515,1
516,5
517,5
518,5
519,2
520,1
521,5
522,2
523,4
524,4
525,5
526,3
527,2
528,3
529,5
530,4
531,1
532,1
533,3
534,5
535,5
536,3
537,5
538,5
539,2
540,5
541,5
542,5
543,5
544,5
545,4
546,4
547,3
548,3
549,4
550,5
551,2
552,5
553,4
554,2
555,3
556,4
557,5
558,4
559,3
560,5
561,2
562,5
563,5
564,5
565,5
566,5
567,4
568,5
569,2
570,2
571,4
572,5
573,5
574,5
575,5
576,3
577,4
578,5
579,2
580,5
581,5
582,4
583,4
584,4
585,5
586,1
587,4
588,3
589,5
590,5
591,5
592,3
593,5
594,5
595,5
596,5
597,2
598,2
599,5
600,5
601,4
602,5
603,2
604,3
605,5
606,5
607,2
608,4
609,5
610,5
611,5
612,1
613,5
614,2
615,4
616,5
617,5
618,5
619,5
620,4
621,3
622,4
623,1
624,5
625,4
626,3
627,5
628,1
629,4
630,4
631,4
632,2
633,5
634,4
635,4
636,5
637,1
638,5
639,4
640,2
641,5
642,1
643,4
644,5
645,1
646,3
647,5
648,5
649,2
650,3
651,3
652,4
653,5
654,4
655,3
656,5
657,5
658,4
659,5
660,5
661,4
662,5
663,5
664,5
665,3
666,5
667,5
668,4
669,5
670,5
671,4
672,1
673,5
674,5
675,5
676,5
677,3
678,5
679,5
680,5
681,3
682,5
683,3
684,5
685,5
686,1
687,4
688,4
689,3
690,5
691,4
692,4
693,5
694,4
695,1
696,5
697,4
698,3
699,1
700,3
701,5
702,2
703,5
704,1
705,4
706,5
707,5
708,3
709,4
710,3
711,1
712,5
713,5
714,5
715,4
716,5
717,4
718,5
719,5
720,4
721,5
722,3
723,3
724,5
725,4
726,5
727,2
728,5
729,4
730,5
731,3
732,5
733,4
734,5
735,5
736,4
737,2
738,4
739,5
740,5
741,5
742,2
743,4
744,5
745,2
746,4
747,5
748,1
749,4
750,3
751,4
752,4
753,5
754,5
755,1
756,5
757,4
758,5
759,4
760,4
761,4
762,4
763,5
764,5
765,1
766,5
767,5
768,1
769,2
770,5
771,2
772,3
773,5
774,5
775,5
776,5
777,5
778,2
779,5
780,4
781,4
782,4
783,2
784,5
785,4
786,5
787,5
788,5
789,5
790,4
791,4
792,3
793,5
794,5
795,3
796,5
797,5
798,5
799,4
800,5
801,4
802,4
803,5
804,5
805,4
806,4
807,3
808,2
809,5
810,5
811,5
812,5
813,4
814,4
815,4
816,5
817,2
818,4
819,5
820,5
821,5
822,5
823,4
824,4
825,4
826,5
827,4
828,3
829,5
830,5
831,5
832,5
833,5
834,5
835,3
836,5
837,2
838,3
839,4
840,5
841,4
842,5
843,4
844,1
845,5
846,5
847,4
848,5
849,5
850,4
851,1
852,4
853,4
854,4
855,5
856,4
857,4
858,3
859,2
860,1
861,5
862,4
863,5
864,5
865,4
866,2
867,1
868,5
869,5
870,3
871,5
872,5
873,4
874,4
875,1
876,2
877,5
878,5
879,4
880,5
881,5
882,4
883,5
884,4
885,4
886,5
887,5
888,5
889,5
890,4
891,5
892,4
893,5
894,5
895,3
896,2
897,5
898,5
899,5
900,5
901,5
902,3
903,4
904,5
905,1
906,5
907,5
908,5
909,4
910,1
911,5
912,5
913,4
914,1
915,4
916,5
917,2
918,2
919,5
920,5
921,1
922,5
923,5
924,3
925,4
926,4
927,5
928,5
929,5
930,5
931,4
932,2
933,5
934,3
935,5
936,5
937,3
938,2
939,3
940,5
941,2
942,1
943,5
944,5
945,4
946,5
947,3
948,3
949,5
950,5
951,3
952,3
953,5
954,5
955,5
956,3
957,5
958,5
959,4
960,4
961,5
962,5
963,2
964,5
965,1
966,5
967,3
968,5
969,5
970,3
971,5
972,4
973,5
974,2
975,4
976,4
977,3
978,5
979,5
980,4
981,1
982,5
983,5
984,5
985,5
986,5
987,5
988,5
989,5
990,1
991,3
992,4
993,3
994,4
995,5
996,5
997,4
998,1
999,5
1000,5
1001,5
1002,5
1003,5
1004,2
1005,4
1006,5
1007,5
1008,4
1009,3
1010,2
1011,5
1012,4
1013,4
1014,1
1015,5
1016,4
1017,1
1018,5
1019,4
1020,5
1021,5
1022,2
1023,5
1024,5
1025,5
1026,5
1027,1
1028,4
1029,5
1030,5
1031,4
1032,5
1033,4
1034,5
1035,5
1036,5
1037,4
1038,1
1039,4
1040,4
1041,5
1042,4
1043,5
1044,4
1045,3
1046,4
1047,5
1048,3
1049,5
1050,4
1051,1
1052,5
1053,5
1054,4
1055,4
1056,5
1057,5
1058,1
1059,4
1060,4
1061,4
1062,4
1063,3
1064,5
1065,4
1066,4
1067,5
1068,5
1069,5
1070,5
1071,4
1072,3
1073,1
1074,5
1075,5
1076,5
1077,4
1078,4
1079,2
1080,5
1081,3
1082,5
1083,5
1084,4
1085,5
1086,1
1087,4
1088,5
1089,5
1090,5
1091,2
1092,4
1093,4
1094,5
1095,2
1096,3
1097,5
1098,5
1099,5
1100,5
1101,5
1102,5
1103,4
1104,3
1105,5
1106,5
1107,4
1108,4
1109,3
1110,4
1111,4
1112,4
1113,3
1114,5
1115,4
1116,5
1117,4
1118,4
1119,4
1120,3
1121,5
1122,5
1123,4
1124,5
1125,4
1126,1
1127,4
1128,2
1129,3
1130,5
1131,5
1132,5
1133,4
1134,3
1135,3
1136,5
1137,2
1138,5
1139,3
1140,5
1141,4
1142,2
1143,5
1144,3
1145,3
1146,5
1147,5
1148,5
1149,4
1150,5
1151,2
1152,3
1153,4
1154,5
1155,5
1156,3
1157,2
1158,5
1159,4
1160,5
1161,5
1162,4
1163,5
1164,4
1165,4
1166,5
1167,5
1168,3
1169,5
1170,3
1171,4
1172,4
1173,4
1174,1
1175,1
1176,4
1177,1
1178,4
1179,5
1180,5
1181,3
1182,5
1183,5
1184,5
1185,5
1186,5
1187,4
1188,3
1189,5
1190,3
1191,5
1192,5
1193,3
1194,5
1195,2
1196,5
1197,3
1198,5
1199,1
1200,1
1201,3
1202,5
1203,1
1204,4
1205,3
1206,5
1207,4
1208,1
1209,3
1210,1
1211,1
1212,4
1213,5
1214,1
1215,5
1216,4
1217,5
1218,5
1219,5
1220,4
1221,5
1222,4
1223,4
1224,3
1225,5
1226,4
1227,3
1228,2
1229,3
1230,4
1231,2
1232,5
1233,3
1234,5
1235,4
1236,5
1237,4
1238,5
1239,5
1240,4
1241,3
1242,3
1243,4
1244,4
1245,4
1246,3
1247,5
1248,5
1249,3
1250,5
1251,1
1252,5
1253,1
1254,4
1255,5
1256,4
1257,3
1258,5
1259,2
1260,5
1261,1
1262,5
1263,5
1264,5
1265,5
1266,3
1267,4
1268,5
1269,5
1270,5
1271,4
1272,1
1273,4
1274,5
1275,5
1276,5
1277,5
1278,1
1279,2
1280,5
1281,5
1282,4
1283,1
1284,3
1285,5
1286,5
1287,2
1288,2
1289,4
1290,1
1291,1
1292,5
1293,5
1294,1
1295,1
1296,5
1297,2
1298,1
1299,5
1300,3
1301,2
1302,4
1303,5
1304,2
1305,4
1306,5
1307,4
1308,4
1309,3
1310,5
1311,5
1312,4
1313,5
1314,5
1315,5
1316,4
1317,5
1318,1
1319,4
1320,5
1321,4
1322,5
1323,1
1324,5
1325,4
1326,4
1327,5
1328,1
1329,5
1330,5
1331,3
1332,5
1333,4
1334,3
1335,3
1336,5
1337,4
1338,5
1339,5
1340,5
1341,5
1342,3
1343,4
1344,5
1345,4
1346,2
1347,4
1348,5
1349,3
1350,5
1351,4
1352,4
1353,5
1354,5
1355,3
1356,5
1357,1
1358,5
1359,4
1360,1
1361,5
1362,3
1363,5
1364,1
1365,5
1366,5
1367,5
1368,1
1369,3
1370,5
1371,5
1372,4
1373,4
1374,5
1375,3
1376,5
1377,5
1378,1
1379,1
1380,5
1381,3
1382,1
1383,5
1384,4
1385,5
1386,5
1387,4
1388,5
1389,4
1390,1
1391,4
1392,5
1393,5
1394,5
1395,5
1396,5
1397,4
1398,5
1399,5
1400,5
1401,5
1402,5
1403,4
1404,3
1405,4
1406,5
1407,3
1408,3
1409,5
1410,4
1411,3
1412,5
1413,5
1414,5
1415,5
1416,5
1417,5
1418,2
1419,4
1420,2
1421,5
1422,1
1423,5
1424,4
1425,5
1426,3
1427,5
1428,5
1429,3
1430,1
1431,4
1432,2
1433,5
1434,4
1435,4
1436,4
1437,5
1438,5
1439,4
1440,3
1441,5
1442,5
1443,5
1444,5
1445,5
1446,3
1447,3
1448,5
1449,3
1450,5
1451,2
1452,5
1453,5
1454,3
1455,5
1456,4
1457,4
1458,3
1459,4
1460,4
1461,5
1462,5
1463,5
1464,1
1465,4
1466,5
1467,5
1468,5
1469,5
1470,4
1471,4
1472,3
1473,3
1474,5
1475,1
1476,1
1477,1
1478,5
1479,5
1480,5
1481,3
1482,5
1483,2
1484,5
1485,2
1486,4
1487,5
1488,5
1489,3
1490,4
1491,4
1492,4
1493,4
1494,1
1495,1
1496,4
1497,5
1498,5
1499,3
1500,5
1501,5
1502,5
1503,5
1504,4
1505,5
1506,3
1507,5
1508,5
1509,5
1510,4
1511,5
1512,1
1513,5
1514,5
1515,5
1516,5
1517,5
1518,2
1519,3
1520,4
1521,4
1522,5
1523,5
1524,5
1525,3
1526,3
1527,1
1528,3
1529,3
1530,3
1531,2
1532,4
1533,5
1534,4
1535,5
1536,1
1537,5
1538,5
1539,1
1540,5
1541,5
1542,4
1543,4
1544,1
1545,4
1546,5
1547,5
1548,5
1549,5
1550,5
1551,3
1552,3
1553,1
1554,5
1555,5
1556,5
1557,5
1558,4
1559,3
1560,4
1561,5
1562,2
1563,5
1564,5
1565,3
1566,5
1567,3
1568,4
1569,5
1570,5
1571,1
1572,3
1573,4
1574,5
1575,2
1576,5
1577,5
1578,1
1579,5
1580,1
1581,5
1582,5
1583,4
1584,4
1585,4
1586,4
1587,5
1588,3
1589,1
1590,4
1591,3
1592,4
1593,5
1594,3
1595,5
1596,3
1597,4
1598,5
1599,1
1600,5
1601,1
1602,1
1603,4
1604,4
1605,5
1606,5
1607,5
1608,5
1609,5
1610,5
1611,5
1612,2
1613,1
1614,5
1615,4
1616,1
1617,4
1618,5
1619,3
1620,1
1621,2
1622,5
1623,1
1624,5
1625,2
1626,5
1627,5
1628,2
1629,5
1630,1
1631,2
1632,4
1633,4
1634,5
1635,5
1636,4
1637,5
1638,5
1639,4
1640,2
1641,4
1642,4
1643,5
1644,4
1645,5
1646,5
1647,3
1648,5
1649,5
1650,4
1651,5
1652,5
1653,5
1654,5
1655,1
1656,5
1657,5
1658,5
1659,5
1660,4
1661,5
1662,5
1663,1
1664,5
1665,4
1666,2
1667,5
1668,1
1669,5
1670,5
1671,5
1672,4
1673,5
1674,5
1675,5
1676,2
1677,3
1678,4
1679,5
1680,5
1681,5
1682,5
1683,1
1684,2
1685,5
1686,1
1687,4
1688,2
1689,5
1690,5
1691,4
1692,5
1693,5
1694,5
1695,5
1696,4
1697,2
1698,5
1699,3
1700,5
1701,5
1702,1
1703,5
1704,5
1705,2
1706,5
1707,5
1708,4
1709,5
1710,5
1711,5
1712,1
1713,4
1714,3
1715,5
1716,5
1717,3
1718,5
1719,5
1720,1
1721,5
1722,5
1723,5
1724,4
1725,5
1726,5
1727,5
1728,5
1729,4
1730,5
1731,5
1732,5
1733,5
1734,5
1735,4
1736,5
1737,4
1738,2
1739,4
1740,4
1741,4
1742,5
1743,1
1744,5
1745,5
1746,2
1747,2
1748,5
1749,4
1750,5
1751,5
1752,4
1753,5
1754,3
1755,5
1756,5
1757,3
1758,5
1759,5
1760,2
1761,4
1762,5
1763,4
1764,5
1765,5
1766,4
1767,5
1768,5
1769,5
1770,4
1771,4
1772,5
1773,5
1774,4
1775,5
1776,5
1777,5
1778,5
1779,5
1780,4
1781,3
1782,3
1783,5
1784,5
1785,4
1786,1
1787,5
1788,2
1789,4
1790,3
1791,1
1792,2
1793,5
1794,5
1795,5
1796,5
1797,3
1798,4
1799,5
1800,2
1801,2
1802,5
1803,5
1804,2
1805,5
1806,5
1807,5
1808,4
1809,4
1810,4
1811,3
1812,2
1813,5
1814,5
1815,5
1816,1
1817,5
1818,5
1819,4
1820,5
1821,5
1822,5
1823,1
1824,5
1825,2
1826,4
1827,2
1828,5
1829,5
1830,3
1831,5
1832,4
1833,3
1834,5
1835,5
1836,3
1837,5
1838,1
1839,5
1840,5
1841,4
1842,4
1843,3
1844,4
1845,3
1846,3
1847,2
1848,5
1849,5
1850,5
1851,4
1852,3
1853,5
1854,5
1855,5
1856,5
1857,4
1858,5
1859,2
1860,3
1861,5
1862,4
1863,3
1864,4
1865,5
1866,4
1867,5
1868,3
1869,3
1870,4
1871,4
1872,2
1873,5
1874,5
1875,2
1876,4
1877,3
1878,5
1879,2
1880,5
1881,5
1882,4
1883,1
1884,5
1885,5
1886,5
1887,4
1888,4
1889,5
1890,1
1891,4
1892,5
1893,5
1894,4
1895,3
1896,1
1897,5
1898,4
1899,5
1900,5
1901,5
1902,5
1903,4
1904,1
1905,4
1906,5
1907,4
1908,5
1909,5
1910,5
1911,5
1912,5
1913,5
1914,5
1915,4
1916,5
1917,5
1918,5
1919,5
1920,5
1921,4
1922,2
1923,5
1924,1
1925,4
1926,4
1927,3
1928,4
1929,5
1930,4
1931,3
1932,5
1933,1
1934,5
1935,5
1936,5
1937,5
1938,3
1939,5
1940,1
1941,5
1942,5
1943,5
1944,5
1945,5
1946,5
1947,5
1948,5
1949,4
1950,5
1951,4
1952,4
1953,5
1954,5
1955,5
1956,5
1957,1
1958,5
1959,5
1960,5
1961,3
1962,2
1963,5
1964,1
1965,2
1966,5
1967,5
1968,5
1969,5
1970,5
1971,5
1972,4
1973,3
1974,4
1975,4
1976,3
1977,5
1978,5
1979,5
1980,5
1981,5
1982,5
1983,4
1984,2
1985,4
1986,5
1987,1
1988,5
1989,5
1990,1
1991,4
1992,4
1993,5
1994,4
1995,1
1996,4
1997,4
1998,5
1999,5
2000,4
2001,5
2002,4
2003,5
2004,5
2005,1
2006,5
2007,5
2008,5
2009,5
2010,1
2011,5
2012,5
2013,5
2014,1
2015,3
2016,4
2017,5
2018,5
2019,2
2020,5
2021,2
2022,4
2023,5
2024,4
2025,4
2026,2
2027,5
2028,5
2029,5
2030,5
2031,5
2032,4
2033,4
2034,4
2035,2
2036,5
2037,4
2038,5
2039,5
2040,2
2041,4
2042,4
2043,4
2044,2
2045,4
2046,3
2047,5
2048,5
2049,4
2050,5
2051,5
2052,1
2053,4
2054,5
2055,5
2056,3
2057,4
2058,4
2059,5
2060,5
2061,1
2062,5
2063,4
2064,5
2065,4
2066,5
2067,5
2068,5
2069,1
2070,5
2071,5
2072,3
2073,5
2074,3
2075,5
2076,2
2077,5
2078,1
2079,5
2080,2
2081,4
2082,5
2083,3
2084,5
2085,5
2086,5
2087,3
2088,5
2089,4
2090,5
2091,4
2092,5
2093,3
2094,3
2095,4
2096,4
2097,5
2098,4
2099,4
2100,4
2101,5
2102,4
2103,2
2104,1
2105,1
2106,5
2107,4
2108,3
2109,5
2110,5
2111,1
2112,5
2113,1
2114,2
2115,4
2116,3
2117,1
2118,5
2119,4
2120,5
2121,5
2122,3
2123,3
2124,3
2125,3
2126,2
2127,5
2128,1
2129,4
2130,4
2131,5
2132,5
2133,4
2134,5
2135,4
2136,5
2137,5
2138,5
2139,4
2140,3
2141,5
2142,5
2143,5
2144,4
2145,3
2146,2
2147,4
2148,5
2149,4
2150,5
2151,1
2152,5
2153,5
2154,5
2155,3
2156,3
2157,3
2158,5
2159,5
2160,5
2161,5
2162,4
2163,5
2164,4
2165,3
2166,1
2167,5
2168,4
2169,5
2170,4
2171,5
2172,5
2173,4
2174,4
2175,4
2176,4
2177,5
2178,4
2179,4
2180,3
2181,5
2182,5
2183,4
2184,3
2185,4
2186,5
2187,4
2188,5
2189,4
2190,2
2191,4
2192,4
2193,3
2194,5
2195,1
2196,4
2197,5
2198,4
2199,4
2200,5
2201,5
2202,2
2203,5
2204,4
2205,3
2206,5
2207,3
2208,4
2209,5
2210,5
2211,1
2212,5
2213,5
2214,4
2215,4
2216,1
2217,2
2218,5
2219,3
2220,5
2221,1
2222,5
2223,3
2224,2
2225,1
2226,5
2227,4
2228,4
2229,4
2230,5
2231,1
2232,1
2233,4
2234,5
2235,5
2236,2
2237,5
2238,5
2239,5
2240,1
2241,5
2242,3
2243,5
2244,5
2245,3
2246,5
2247,5
2248,3
2249,5
2250,5
2251,4
2252,5
2253,3
2254,5
2255,5
2256,5
2257,3
2258,3
2259,3
2260,3
2261,4
2262,5
2263,5
2264,1
2265,4
2266,4
2267,5
2268,5
2269,3
2270,4
2271,4
2272,5
2273,4
2274,3
2275,5
2276,3
2277,5
2278,5
2279,1
2280,4
2281,4
2282,4
2283,5
2284,1
2285,5
2286,3
2287,5
2288,5
2289,5
2290,4
2291,5
2292,4
2293,5
2294,5
2295,5
2296,5
2297,1
2298,5
2299,5
2300,5
2301,4
2302,5
2303,5
2304,3
2305,5
2306,5
2307,3
2308,5
2309,4
2310,4
2311,5
2312,2
2313,4
2314,5
2315,5
2316,5
2317,4
2318,3
2319,5
2320,3
2321,1
2322,1
2323,5
2324,5
2325,4
2326,5
2327,4
2328,4
2329,5
2330,5
2331,5
2332,2
2333,4
2334,5
2335,4
2336,4
2337,4
2338,4
2339,5
2340,5
2341,3
2342,5
2343,4
2344,5
2345,4
2346,4
2347,5
2348,3
2349,5
2350,1
2351,2
2352,5
2353,5
2354,2
2355,4
2356,4
2357,4
2358,5
2359,5
2360,5
2361,5
2362,5
2363,5
2364,5
2365,4
2366,5
2367,3
2368,5
2369,1
2370,1
2371,4
2372,5
2373,5
2374,5
2375,5
2376,2
2377,5
2378,5
2379,2
2380,3
2381,4
2382,5
2383,3
2384,1
2385,5
2386,4
2387,5
2388,5
2389,5
2390,4
2391,5
2392,5
2393,4
2394,3
2395,5
2396,5
2397,5
2398,5
2399,5
2400,4
2401,4
2402,4
2403,3
2404,5
2405,5
2406,4
2407,2
2408,5
2409,5
2410,5
2411,5
2412,1
2413,5
2414,5
2415,4
2416,5
2417,5
2418,1
2419,4
2420,5
2421,4
2422,4
2423,5
2424,5
2425,5
2426,4
2427,5
2428,3
2429,1
2430,5
2431,4
2432,4
2433,5
2434,3
2435,3
2436,3
2437,5
2438,5
2439,5
2440,5
2441,5
2442,5
2443,5
2444,5
2445,2
2446,3
2447,3
2448,4
2449,5
2450,3
2451,5
2452,4
2453,4
2454,4
2455,3
2456,4
2457,5
2458,5
2459,2
2460,5
2461,1
2462,5
2463,1
2464,5
2465,2
2466,5
2467,4
2468,2
2469,5
2470,4
2471,1
2472,3
2473,2
2474,5
2475,5
2476,2
2477,5
2478,4
2479,3
2480,1
2481,5
2482,5
2483,5
2484,1
2485,4
2486,5
2487,5
2488,1
2489,3
2490,5
2491,5
2492,4
2493,5
2494,5
2495,4
2496,5
2497,2
2498,5
2499,5
2500,5
2501,4
2502,4
2503,5
2504,3
2505,5
2506,5
2507,1
2508,2
2509,5
2510,3
2511,5
2512,5
2513,5
2514,1
2515,1
2516,1
2517,3
2518,5
2519,5
2520,4
2521,5
2522,5
2523,2
2524,3
2525,5
2526,5
2527,3
2528,4
2529,3
2530,3
2531,2
2532,5
2533,5
2534,5
2535,5
2536,4
2537,3
2538,5
2539,4
2540,5
2541,4
2542,4
2543,4
2544,4
2545,4
2546,3
2547,5
2548,3
2549,5
2550,5
2551,5
2552,5
2553,5
2554,5
2555,4
2556,3
2557,4
2558,5
2559,4
2560,1
2561,4
2562,5
2563,2
2564,5
2565,5
2566,5
2567,5
2568,5
2569,5
2570,3
2571,4
2572,5
2573,4
2574,5
2575,5
2576,4
2577,4
2578,5
2579,3
2580,4
2581,5
2582,3
2583,5
2584,5
2585,5
2586,5
2587,5
2588,5
2589,4
2590,5
2591,5
2592,5
2593,4
2594,5
2595,5
2596,4
2597,5
2598,4
2599,4
2600,4
2601,4
2602,4
2603,4
2604,5
2605,3
2606,5
2607,5
2608,5
2609,5
2610,5
2611,3
2612,5
2613,5
2614,5
2615,4
2616,5
2617,2
2618,3
2619,5
2620,5
2621,5
2622,5
2623,1
2624,5
2625,3
2626,4
2627,5
2628,3
2629,5
2630,2
2631,4
2632,4
2633,5
2634,4
2635,3
2636,4
2637,2
2638,5
2639,4
2640,4
2641,2
2642,5
2643,5
2644,3
2645,5
2646,1
2647,5
2648,5
2649,4
2650,4
2651,5
2652,5
2653,4
2654,4
2655,4
2656,2
2657,3
2658,5
2659,5
2660,5
2661,4
2662,5
2663,4
2664,5
2665,5
2666,5
2667,1
2668,5
2669,4
2670,4
2671,5
2672,5
2673,4
2674,5
2675,3
2676,5
2677,5
2678,2
2679,5
2680,4
2681,3
2682,5
2683,5
2684,5
2685,4
2686,5
2687,5
2688,4
2689,4
2690,5
2691,4
2692,4
2693,2
2694,3
2695,1
2696,5
2697,3
2698,2
2699,4
2700,4
2701,5
2702,5
2703,3
2704,3
2705,4
2706,2
2707,5
2708,3
2709,3
2710,5
2711,4
2712,5
2713,1
2714,5
2715,5
2716,5
2717,5
2718,5
2719,4
2720,5
2721,4
2722,5
2723,3
2724,4
2725,3
2726,4
2727,4
2728,5
2729,5
2730,5
2731,3
2732,1
2733,4
2734,5
2735,4
2736,5
2737,5
2738,2
2739,5
2740,5
2741,2
2742,5
2743,4
2744,3
2745,2
2746,5
2747,5
2748,2
2749,5
2750,2
2751,5
2752,5
2753,4
2754,5
2755,5
2756,5
2757,5
2758,5
2759,5
2760,3
2761,5
2762,2
2763,2
2764,2
2765,5
2766,5
2767,1
2768,5
2769,4
2770,5
2771,5
2772,4
2773,5
2774,4
2775,5
2776,3
2777,5
2778,5
2779,4
2780,4
2781,4
2782,4
2783,5
2784,3
2785,4
2786,3
2787,4
2788,1
2789,5
2790,5
2791,5
2792,5
2793,5
2794,5
2795,5
2796,4
2797,5
2798,4
2799,4
2800,5
2801,4
2802,1
2803,5
2804,3
2805,5
2806,4
2807,5
2808,5
2809,2
2810,5
2811,5
2812,5
2813,2
2814,4
2815,5
2816,5
2817,5
2818,5
2819,5
2820,5
2821,5
2822,5
2823,2
2824,4
2825,4
2826,5
2827,5
2828,5
2829,4
2830,5
2831,4
2832,5
2833,5
2834,4
2835,5
2836,5
2837,4
2838,4
2839,2
2840,5
2841,4
2842,5
2843,5
2844,1
2845,5
2846,5
2847,5
2848,3
2849,5
2850,5
2851,4
2852,1
2853,4
2854,3
2855,4
2856,5
2857,3
2858,5
2859,5
2860,5
2861,5
2862,5
2863,2
2864,5
2865,5
2866,5
2867,5
2868,4
2869,5
2870,3
2871,5
2872,5
2873,5
2874,1
2875,5
2876,5
2877,5
2878,2
2879,3
2880,5
2881,5
2882,5
2883,2
2884,2
2885,5
2886,5
2887,4
2888,1
2889,5
2890,5
2891,5
2892,5
2893,5
2894,4
2895,4
2896,3
2897,4
2898,1
2899,5
2900,3
2901,2
2902,3
2903,4
2904,5
2905,3
2906,5
2907,5
2908,5
2909,3
2910,4
2911,3
2912,4
2913,5
2914,5
2915,1
2916,5
2917,5
2918,4
2919,4
2920,5
2921,5
2922,5
2923,4
2924,4
2925,5
2926,1
2927,5
2928,3
2929,5
2930,5
2931,5
2932,4
2933,4
2934,3
2935,5
2936,5
2937,5
2938,4
2939,2
2940,5
2941,3
2942,4
2943,5
2944,5
2945,3
2946,5
2947,5
2948,3
2949,4
2950,5
2951,5
2952,3
2953,1
2954,4
2955,5
2956,5
2957,5
2958,3
2959,1
2960,5
2961,4
2962,3
2963,4
2964,4
2965,5
2966,5
2967,5
2968,4
2969,5
2970,3
2971,4
2972,5
2973,2
2974,5
2975,5
2976,4
2977,5
2978,4
2979,1
2980,4
2981,1
2982,5
2983,3
2984,3
2985,4
2986,5
2987,5
2988,5
2989,5
2990,3
2991,5
2992,5
2993,2
2994,1
2995,5
2996,4
2997,5
2998,1
2999,2
3000,5
3001,5
3002,4
3003,4
3004,5
3005,4
3006,5
3007,5
3008,5
3009,5
3010,4
3011,1
3012,4
3013,4
3014,4
3015,5
3016,3
3017,4
3018,1
3019,2
3020,5
3021,5
3022,5
3023,5
3024,5
3025,4
3026,5
3027,4
3028,2
3029,5
3030,5
3031,3
3032,1
3033,2
3034,4
3035,5
3036,2
3037,5
3038,4
3039,2
3040,3
3041,4
3042,5
3043,5
3044,5
3045,4
3046,5
3047,5
3048,5
3049,4
3050,4
3051,5
3052,3
3053,4
3054,2
3055,1
3056,5
3057,5
3058,4
3059,5
3060,5
3061,3
3062,4
3063,4
3064,4
3065,5
3066,5
3067,4
3068,1
3069,1
3070,4
3071,4
3072,5
3073,5
3074,5
3075,3
3076,3
3077,5
3078,5
3079,3
3080,5
3081,5
3082,5
3083,5
3084,4
3085,5
3086,5
3087,3
3088,4
3089,4
3090,4
3091,5
3092,5
3093,3
3094,5
3095,2
3096,3
3097,5
3098,5
3099,5
3100,1
3101,4
3102,1
3103,4
3104,3
3105,5
3106,5
3107,3
3108,5
3109,1
3110,4
3111,3
3112,5
3113,5
3114,3
3115,4
3116,1
3117,5
3118,4
3119,4
3120,4
3121,5
3122,5
3123,5
3124,4
3125,1
3126,1
3127,5
3128,5
3129,1
3130,5
3131,4
3132,5
3133,5
3134,5
3135,3
3136,5
3137,3
3138,3
3139,5
3140,4
3141,3
3142,5
3143,4
3144,4
3145,5
3146,4
3147,5
3148,5
3149,1
3150,4
3151,5
3152,5
3153,2
3154,3
3155,4
3156,4
3157,4
3158,5
3159,4
3160,5
3161,1
3162,3
3163,4
3164,3
3165,3
3166,5
3167,5
3168,4
3169,4
3170,5
3171,5
3172,5
3173,4
3174,5
3175,5
3176,1
3177,4
3178,2
3179,4
3180,5
3181,5
3182,5
3183,4
3184,5
3185,5
3186,5
3187,4
3188,4
3189,2
3190,4
3191,4
3192,4
3193,4
3194,1
3195,2
3196,3
3197,5
3198,3
3199,5
3200,5
3201,5
3202,5
3203,4
3204,4
3205,5
3206,5
3207,4
3208,4
3209,2
3210,4
3211,1
3212,5
3213,5
3214,5
3215,5
3216,2
3217,4
3218,5
3219,1
3220,4
3221,2
3222,3
3223,4
3224,5
3225,1
3226,5
3227,5
3228,3
3229,5
3230,5
3231,5
3232,4
3233,4
3234,1
3235,1
3236,5
3237,4
3238,5
3239,4
3240,5
3241,2
3242,4
3243,5
3244,5
3245,5
3246,4
3247,5
3248,1
3249,4
3250,4
3251,5
3252,1
3253,5
3254,5
3255,5
3256,5
3257,2
3258,2
3259,1
3260,5
3261,5
3262,3
3263,4
3264,1
3265,5
3266,4
3267,1
3268,4
3269,4
3270,4
3271,5
3272,2
3273,4
3274,5
3275,4
3276,5
3277,5
3278,5
3279,5
3280,3
3281,5
3282,3
3283,3
3284,5
3285,5
3286,5
3287,2
3288,1
3289,5
3290,3
3291,3
3292,5
3293,5
3294,3
3295,5
3296,5
3297,5
3298,5
3299,4
3300,5
3301,5
3302,5
3303,1
3304,4
3305,4
3306,5
3307,2
3308,4
3309,5
3310,5
3311,2
3312,3
3313,1
3314,5
3315,5
3316,4
3317,5
3318,3
3319,5
3320,5
3321,5
3322,5
3323,1
3324,4
3325,3
3326,5
3327,5
3328,4
3329,1
3330,4
3331,4
3332,5
3333,1
3334,2
3335,5
3336,5
3337,3
3338,5
3339,5
3340,4
3341,4
3342,5
3343,3
3344,3
3345,5
3346,4
3347,3
3348,2
3349,5
3350,5
3351,5
3352,5
3353,5
3354,4
3355,4
3356,4
3357,4
3358,5
3359,2
3360,4
3361,5
3362,4
3363,5
3364,4
3365,5
3366,5
3367,5
3368,5
3369,5
3370,1
3371,4
3372,5
3373,5
3374,5
3375,5
3376,2
3377,4
3378,3
3379,3
3380,2
3381,5
3382,5
3383,5
3384,4
3385,5
3386,2
3387,1
3388,5
3389,1
3390,4
3391,5
3392,5
3393,5
3394,3
3395,5
3396,5
3397,4
3398,3
3399,5
3400,5
3401,5
3402,5
3403,4
3404,5
3405,5
3406,2
3407,4
3408,1
3409,3
3410,2
3411,4
3412,5
3413,5
3414,3
3415,5
3416,3
3417,3
3418,5
3419,2
3420,5
3421,3
3422,1
3423,3
3424,5
3425,5
3426,4
3427,5
3428,1
3429,5
3430,3
3431,4
3432,5
3433,3
3434,2
3435,3
3436,4
3437,5
3438,5
3439,5
3440,1
3441,5
3442,5
3443,5
3444,5
3445,3
3446,3
3447,5
3448,5
3449,3
3450,5
3451,3
3452,5
3453,4
3454,1
3455,2
3456,5
3457,5
3458,5
3459,5
3460,4
3461,5
3462,2
3463,1
3464,4
3465,5
3466,3
3467,5
3468,2
3469,5
3470,3
3471,4
3472,5
3473,3
3474,4
3475,5
3476,3
3477,4
3478,3
3479,3
3480,2
3481,4
3482,2
3483,5
3484,1
3485,3
3486,4
3487,5
3488,5
3489,4
3490,5
3491,3
3492,5
3493,4
3494,5
3495,4
3496,3
3497,3
3498,5
3499,5
3500,4
3501,2
3502,5
3503,4
3504,5
3505,5
3506,5
3507,5
3508,3
3509,5
3510,5
3511,5
3512,2
3513,4
3514,4
3515,5
3516,4
3517,5
3518,5
3519,5
3520,4
3521,5
3522,4
3523,1
3524,4
3525,5
3526,3
3527,4
3528,1
3529,5
3530,5
3531,4
3532,5
3533,1
3534,5
3535,5
3536,4
3537,5
3538,5
3539,4
3540,3
3541,5
3542,5
3543,5
3544,1
3545,1
3546,5
3547,5
3548,5
3549,3
3550,5
3551,5
3552,4
3553,5
3554,4
3555,4
3556,5
3557,3
3558,5
3559,5
3560,2
3561,5
3562,5
3563,1
3564,1
3565,5
3566,4
3567,5
3568,5
3569,4
3570,3
3571,3
3572,5
3573,4
3574,5
3575,5
3576,3
3577,5
3578,5
3579,4
3580,1
3581,2
3582,1
3583,4
3584,4
3585,5
3586,5
3587,5
3588,4
3589,3
3590,2
3591,5
3592,1
3593,1
3594,4
3595,5
3596,5
3597,4
3598,5
3599,5
3600,5
3601,3
3602,5
3603,4
3604,1
3605,3
3606,5
3607,5
3608,5
3609,5
3610,2
3611,3
3612,5
3613,5
3614,5
3615,4
3616,4
3617,3
3618,5
3619,4
3620,1
3621,1
3622,4
3623,5
3624,4
3625,5
3626,5
3627,5
3628,5
3629,3
3630,5
3631,2
3632,5
3633,5
3634,3
3635,5
3636,3
3637,5
3638,5
3639,4
3640,5
3641,2
3642,3
3643,3
3644,5
3645,5
3646,4
3647,5
3648,5
3649,1
3650,5
3651,5
3652,5
3653,1
3654,5
3655,5
3656,3
3657,5
3658,5
3659,3
3660,4
3661,3
3662,2
3663,4
3664,5
3665,5
3666,3
3667,3
3668,5
3669,5
3670,4
3671,5
3672,3
3673,5
3674,3
3675,5
3676,4
3677,5
3678,5
3679,3
3680,3
3681,5
3682,5
3683,4
3684,5
3685,4
3686,3
3687,5
3688,5
3689,5
3690,5
3691,4
3692,4
3693,4
3694,5
3695,5
3696,4
3697,5
3698,2
3699,5
3700,5
3701,5
3702,5
3703,5
3704,1
3705,5
3706,5
3707,4
3708,5
3709,4
3710,3
3711,4
3712,5
3713,5
3714,5
3715,4
3716,5
3717,5
3718,4
3719,5
3720,5
3721,2
3722,4
3723,4
3724,4
3725,4
3726,2
3727,1
3728,5
3729,4
3730,5
3731,5
3732,4
3733,4
3734,2
3735,5
3736,4
3737,2
3738,3
3739,4
3740,4
3741,5
3742,5
3743,5
3744,5
3745,5
3746,4
3747,4
3748,5
3749,5
3750,1
3751,3
3752,5
3753,4
3754,2
3755,4
3756,5
3757,3
3758,4
3759,4
3760,4
3761,5
3762,5
3763,5
3764,5
3765,4
3766,4
3767,5
3768,5
3769,2
3770,5
3771,5
3772,3
3773,5
3774,5
3775,1
3776,2
3777,3
3778,3
3779,4
3780,5
3781,5
3782,5
3783,5
3784,4
3785,5
3786,5
3787,1
3788,4
3789,5
3790,4
3791,4
3792,4
3793,5
3794,5
3795,5
3796,5
3797,5
3798,5
3799,5
3800,4
3801,5
3802,4
3803,4
3804,5
3805,5
3806,5
3807,5
3808,5
3809,5
3810,4
3811,5
3812,5
3813,5
3814,2
3815,4
3816,3
3817,5
3818,3
3819,5
3820,5
3821,4
3822,4
3823,5
3824,3
3825,5
3826,4
3827,1
3828,5
3829,3
3830,2
3831,5
3832,5
3833,5
3834,5
3835,5
3836,4
3837,3
3838,5
3839,5
3840,5
3841,5
3842,5
3843,5
3844,5
3845,1
3846,4
3847,5
3848,5
3849,5
3850,1
3851,5
3852,3
3853,2
3854,1
3855,5
3856,5
3857,4
3858,5
3859,2
3860,4
3861,5
3862,5
3863,5
3864,5
3865,2
3866,5
3867,3
3868,5
3869,4
3870,4
3871,5
3872,5
3873,3
3874,4
3875,4
3876,4
3877,2
3878,5
3879,5
3880,3
3881,3
3882,5
3883,5
3884,4
3885,5
3886,1
3887,5
3888,5
3889,2
3890,5
3891,4
3892,1
3893,2
3894,2
3895,2
3896,4
3897,3
3898,3
3899,4
3900,4
3901,3
3902,4
3903,5
3904,1
3905,4
3906,5
3907,5
3908,4
3909,5
3910,5
3911,5
3912,5
3913,5
3914,3
3915,4
3916,1
3917,5
3918,2
3919,5
3920,5
3921,5
3922,5
3923,1
3924,5
3925,5
3926,5
3927,5
3928,5
3929,5
3930,4
3931,5
3932,4
3933,5
3934,5
3935,3
3936,4
3937,3
3938,3
3939,4
3940,1
3941,4
3942,5
3943,5
3944,5
3945,5
3946,4
3947,4
3948,5
3949,2
3950,4
3951,5
3952,5
3953,4
3954,3
3955,4
3956,5
3957,3
3958,4
3959,4
3960,5
3961,5
3962,5
3963,3
3964,5
3965,4
3966,4
3967,5
3968,5
3969,3
3970,5
3971,1
3972,3
3973,5
3974,4
3975,3
3976,5
3977,4
3978,3
3979,4
3980,4
3981,4
3982,4
3983,5
3984,1
3985,1
3986,5
3987,5
3988,4
3989,5
3990,5
3991,5
3992,5
3993,5
3994,4
3995,3
3996,3
3997,5
3998,1
3999,4
4000,3
4001,5
4002,3
4003,5
4004,1
4005,5
4006,4
4007,2
4008,5
4009,2
4010,5
4011,5
4012,5
4013,3
4014,5
4015,4
4016,5
4017,5
4018,4
4019,5
4020,3
4021,4
4022,5
4023,5
4024,5
4025,5
4026,5
4027,4
4028,5
4029,5
4030,5
4031,4
4032,5
4033,5
4034,4
4035,5
4036,5
4037,5
4038,3
4039,2
4040,5
4041,3
4042,5
4043,5
4044,5
4045,1
4046,1
4047,5
4048,3
4049,4
4050,5
4051,5
4052,3
4053,5
4054,4
4055,5
4056,1
4057,1
4058,3
4059,5
4060,5
4061,4
4062,4
4063,5
4064,5
4065,3
4066,5
4067,5
4068,4
4069,4
4070,4
4071,5
4072,5
4073,5
4074,5
4075,5
4076,5
4077,4
4078,1
4079,5
4080,4
4081,5
4082,5
4083,5
4084,1
4085,5
4086,4
4087,5
4088,5
4089,5
4090,5
4091,5
4092,5
4093,4
4094,3
4095,5
4096,1
4097,5
4098,5
4099,5
4100,2
4101,4
4102,5
4103,4
4104,5
4105,4
4106,5
4107,5
4108,5
4109,5
4110,5
4111,5
4112,4
4113,5
4114,4
4115,3
4116,2
4117,5
4118,3
4119,5
4120,5
4121,5
4122,4
4123,4
4124,5
4125,4
4126,4
4127,4
4128,3
4129,3
4130,1
4131,5
4132,4
4133,2
4134,5
4135,5
4136,4
4137,5
4138,2
4139,5
4140,5
4141,1
4142,4
4143,4
4144,5
4145,5
4146,3
4147,5
4148,4
4149,1
4150,3
4151,3
4152,4
4153,5
4154,5
4155,5
4156,3
4157,2
4158,3
4159,5
4160,5
4161,1
4162,5
4163,1
4164,4
4165,5
4166,5
4167,5
4168,4
4169,3
4170,5
4171,5
4172,5
4173,3
4174,2
4175,5
4176,5
4177,3
4178,4
4179,4
4180,2
4181,1
4182,4
4183,5
4184,1
4185,5
4186,3
4187,5
4188,5
4189,5
4190,5
4191,5
4192,5
4193,5
4194,5
4195,5
4196,4
4197,4
4198,5
4199,2
4200,1
4201,4
4202,5
4203,5
4204,4
4205,2
4206,3
4207,4
4208,1
4209,5
4210,5
4211,5
4212,1
4213,1
4214,4
4215,5
4216,5
4217,5
4218,5
4219,5
4220,4
4221,5
4222,5
4223,4
4224,4
4225,5
4226,5
4227,4
4228,5
4229,4
4230,3
4231,5
4232,5
4233,5
4234,3
4235,5
4236,5
4237,4
4238,4
4239,4
4240,4
4241,5
4242,1
4243,5
4244,5
4245,5
4246,4
4247,5
4248,4
4249,5
4250,1
4251,5
4252,5
4253,4
4254,3
4255,4
4256,4
4257,4
4258,1
4259,4
4260,1
4261,3
4262,4
4263,5
4264,5
4265,5
4266,5
4267,5
4268,5
4269,5
4270,2
4271,4
4272,5
4273,5
4274,4
4275,5
4276,5
4277,1
4278,5
4279,5
4280,2
4281,4
4282,4
4283,5
4284,1
4285,4
4286,5
4287,4
4288,1
4289,5
4290,2
4291,4
4292,5
4293,5
4294,5
4295,5
4296,5
4297,5
4298,5
4299,4
4300,4
4301,3
4302,4
4303,4
4304,4
4305,1
4306,4
4307,5
4308,4
4309,3
4310,4
4311,1
4312,1
4313,4
4314,5
4315,1
4316,5
4317,4
4318,4
4319,4
4320,3
4321,2
4322,5
4323,5
4324,5
4325,2
4326,1
4327,5
4328,4
4329,5
4330,5
4331,4
4332,5
4333,4
4334,1
4335,4
4336,4
4337,3
4338,1
4339,4
4340,5
4341,5
4342,5
4343,4
4344,4
4345,1
4346,4
4347,3
4348,4
4349,5
4350,5
4351,4
4352,2
4353,3
4354,5
4355,5
4356,5
4357,4
4358,5
4359,5
4360,3
4361,5
4362,5
4363,3
4364,4
4365,5
4366,4
4367,4
4368,5
4369,4
4370,5
4371,5
4372,5
4373,5
4374,1
4375,4
4376,5
4377,4
4378,4
4379,5
4380,3
4381,4
4382,5
4383,4
4384,5
4385,4
4386,4
4387,5
4388,5
4389,2
4390,4
4391,4
4392,5
4393,4
4394,5
4395,3
4396,5
4397,4
4398,5
4399,5
4400,2
4401,4
4402,4
4403,5
4404,4
4405,5
4406,1
4407,2
4408,3
4409,2
4410,4
4411,4
4412,5
4413,4
4414,4
4415,1
4416,4
4417,5
4418,5
4419,2
4420,5
4421,4
4422,4
4423,5
4424,5
4425,3
4426,5
4427,5
4428,4
4429,5
4430,5
4431,5
4432,3
4433,4
4434,5
4435,5
4436,5
4437,4
4438,4
4439,4
4440,4
4441,5
4442,5
4443,5
4444,4
4445,5
4446,4
4447,5
4448,3
4449,5
4450,5
4451,4
4452,5
4453,4
4454,1
4455,3
4456,2
4457,4
4458,4
4459,5
4460,4
4461,5
4462,5
4463,3
4464,5
4465,5
4466,4
4467,5
4468,4
4469,5
4470,5
4471,5
4472,4
4473,5
4474,5
4475,4
4476,4
4477,5
4478,3
4479,5
4480,5
4481,4
4482,5
4483,5
4484,4
4485,5
4486,3
4487,5
4488,1
4489,5
4490,5
4491,2
4492,3
4493,4
4494,5
4495,5
4496,1
4497,2
4498,5
4499,2
4500,1
4501,5
4502,4
4503,3
4504,3
4505,4
4506,4
4507,1
4508,3
4509,5
4510,4
4511,5
4512,5
4513,1
4514,5
4515,5
4516,4
4517,4
4518,4
4519,4
4520,4
4521,5
4522,4
4523,5
4524,3
4525,2
4526,5
4527,4
4528,5
4529,4
4530,5
4531,5
4532,5
4533,5
4534,5
4535,4
4536,3
4537,3
4538,3
4539,1
4540,4
4541,4
4542,5
4543,1
4544,3
4545,5
4546,1
4547,5
4548,4
4549,5
4550,5
4551,1
4552,1
4553,3
4554,4
4555,5
4556,1
4557,5
4558,4
4559,5
4560,4
4561,1
4562,5
4563,5
4564,5
4565,1
4566,5
4567,5
4568,4
4569,5
4570,5
4571,3
4572,5
4573,1
4574,5
4575,5
4576,4
4577,4
4578,5
4579,4
4580,5
4581,1
4582,5
4583,1
4584,3
4585,3
4586,4
4587,5
4588,5
4589,4
4590,3
4591,5
4592,4
4593,2
4594,5
4595,4
4596,1
4597,3
4598,4
4599,5
4600,2
4601,5
4602,5
4603,5
4604,1
4605,5
4606,4
4607,5
4608,5
4609,5
4610,5
4611,3
4612,4
4613,1
4614,3
4615,4
4616,5
4617,5
4618,4
4619,5
4620,5
4621,2
4622,4
4623,5
4624,5
4625,4
4626,1
4627,5
4628,3
4629,4
4630,5
4631,5
4632,1
4633,3
4634,3
4635,5
4636,5
4637,5
4638,5
4639,5
4640,5
4641,3
4642,4
4643,4
4644,4
4645,4
4646,4
4647,5
4648,4
4649,5
4650,3
4651,3
4652,5
4653,1
4654,4
4655,5
4656,3
4657,3
4658,5
4659,2
4660,4
4661,5
4662,1
4663,4
4664,2
4665,5
4666,1
4667,5
4668,4
4669,5
4670,5
4671,3
4672,2
4673,3
4674,4
4675,5
4676,5
4677,5
4678,5
4679,5
4680,5
4681,4
4682,5
4683,4
4684,5
4685,4
4686,5
4687,3
4688,3
4689,5
4690,4
4691,2
4692,5
4693,4
4694,5
4695,4
4696,5
4697,5
4698,3
4699,5
4700,5
4701,4
4702,5
4703,5
4704,5
4705,5
4706,5
4707,5
4708,5
4709,3
4710,3
4711,5
4712,4
4713,5
4714,4
4715,5
4716,4
4717,5
4718,2
4719,1
4720,3
4721,4
4722,5
4723,3
4724,1
4725,5
4726,5
4727,3
4728,2
4729,5
4730,5
4731,4
4732,4
4733,4
4734,3
4735,5
4736,5
4737,4
4738,1
4739,3
4740,5
4741,4
4742,5
4743,5
4744,5
4745,4
4746,4
4747,5
4748,5
4749,5
4750,4
4751,4
4752,5
4753,4
4754,4
4755,5
4756,3
4757,1
4758,3
4759,3
4760,5
4761,5
4762,5
4763,5
4764,3
4765,4
4766,4
4767,4
4768,4
4769,2
4770,4
4771,5
4772,5
4773,5
4774,5
4775,3
4776,5
4777,1
4778,5
4779,3
4780,5
4781,5
4782,5
4783,3
4784,3
4785,4
4786,1
4787,4
4788,5
4789,5
4790,5
4791,1
4792,2
4793,5
4794,1
4795,4
4796,2
4797,4
4798,5
4799,4
4800,5
4801,5
4802,5
4803,2
4804,2
4805,5
4806,4
4807,4
4808,5
4809,5
4810,5
4811,5
4812,4
4813,5
4814,5
4815,4
4816,1
4817,4
4818,4
4819,1
4820,3
4821,3
4822,3
4823,5
4824,5
4825,5
4826,5
4827,4
4828,5
4829,5
4830,4
4831,5
4832,5
4833,4
4834,4
4835,5
4836,5
4837,5
4838,4
4839,4
4840,5
4841,1
4842,5
4843,5
4844,2
4845,3
4846,2
4847,4
4848,4
4849,5
4850,2
4851,3
4852,5
4853,5
4854,4
4855,2
4856,3
4857,5
4858,4
4859,5
4860,2
4861,3
4862,4
4863,4
4864,5
4865,4
4866,4
4867,4
4868,5
4869,5
4870,3
4871,5
4872,5
4873,5
4874,1
4875,3
4876,2
4877,5
4878,2
4879,5
4880,5
4881,5
4882,5
4883,5
4884,5
4885,5
4886,4
4887,5
4888,5
4889,5
4890,4
4891,2
4892,4
4893,5
4894,3
4895,4
4896,5
4897,4
4898,5
4899,5
4900,5
4901,5
4902,5
4903,4
4904,4
4905,4
4906,5
4907,5
4908,1
4909,5
4910,5
4911,4
4912,4
4913,5
4914,3
4915,3
4916,4
4917,5
4918,5
4919,5
4920,5
4921,5
4922,2
4923,5
4924,5
4925,5
4926,4
4927,5
4928,2
4929,4
4930,5
4931,5
4932,1
4933,5
4934,5
4935,3
4936,4
4937,2
4938,5
4939,2
4940,5
4941,5
4942,5
4943,5
4944,1
4945,1
4946,5
4947,5
4948,5
4949,5
4950,5
4951,4
4952,5
4953,4
4954,5
4955,4
4956,4
4957,5
4958,5
4959,5
4960,5
4961,1
4962,5
4963,1
4964,3
4965,5
4966,3
4967,5
4968,5
4969,5
4970,5
4971,3
4972,4
4973,5
4974,1
4975,5
4976,5
4977,4
4978,3
4979,4
4980,5
4981,5
4982,4
4983,5
4984,3
4985,1
4986,4
4987,5
4988,5
4989,5
4990,3
4991,4
4992,3
4993,5
4994,3
4995,4
4996,2
4997,4
4998,3
4999,5
5000,5
5001,5
5002,5
5003,4
5004,5
5005,5
5006,2
5007,1
5008,2
5009,1
5010,4
5011,4
5012,5
5013,5
5014,1
5015,4
5016,4
5017,5
5018,5
5019,5
5020,5
5021,3
5022,5
5023,4
5024,2
5025,5
5026,4
5027,5
5028,4
5029,4
5030,5
5031,3
5032,5
5033,5
5034,5
5035,4
5036,4
5037,4
5038,5
5039,1
5040,4
5041,5
5042,5
5043,5
5044,5
5045,5
5046,5
5047,4
5048,4
5049,1
5050,5
5051,4
5052,5
5053,4
5054,5
5055,5
5056,5
5057,5
5058,5
5059,4
5060,1
5061,5
5062,3
5063,3
5064,5
5065,3
5066,4
5067,5
5068,4
5069,4
5070,4
5071,5
5072,5
5073,5
5074,3
5075,5
5076,3
5077,1
5078,4
5079,5
5080,5
5081,5
5082,3
5083,5
5084,5
5085,4
5086,5
5087,5
5088,1
5089,5
5090,1
5091,5
5092,4
5093,4
5094,5
5095,2
5096,3
5097,4
5098,4
5099,4
5100,3
5101,4
5102,1
5103,4
5104,1
5105,5
5106,5
5107,3
5108,5
5109,5
5110,5
5111,3
5112,5
5113,5
5114,5
5115,5
5116,5
5117,4
5118,4
5119,3
5120,4
5121,5
5122,1
5123,5
5124,5
5125,4
5126,5
5127,1
5128,5
5129,5
5130,3
5131,1
5132,4
5133,4
5134,4
5135,4
5136,1
5137,4
5138,5
5139,3
5140,2
5141,5
5142,2
5143,5
5144,5
5145,5
5146,5
5147,4
5148,4
5149,5
5150,2
5151,4
5152,5
5153,4
5154,5
5155,5
5156,4
5157,4
5158,1
5159,5
5160,5
5161,2
5162,1
5163,5
5164,1
5165,4
5166,5
5167,3
5168,5
5169,2
5170,5
5171,4
5172,5
5173,5
5174,4
5175,2
5176,4
5177,5
5178,5
5179,5
5180,5
5181,5
5182,3
5183,5
5184,4
5185,5
5186,4
5187,1
5188,5
5189,5
5190,5
5191,5
5192,5
5193,3
5194,5
5195,5
5196,1
5197,4
5198,4
5199,4
5200,1
5201,4
5202,5
5203,4
5204,4
5205,5
5206,1
5207,4
5208,5
5209,5
5210,1
5211,5
5212,5
5213,4
5214,5
5215,1
5216,4
5217,5
5218,5
5219,5
5220,5
5221,4
5222,3
5223,5
5224,4
5225,5
5226,5
5227,4
5228,4
5229,2
5230,3
5231,4
5232,5
5233,5
5234,2
5235,5
5236,5
5237,4
5238,1
5239,5
5240,5
5241,2
5242,5
5243,3
5244,4
5245,4
5246,5
5247,3
5248,3
5249,5
5250,5
5251,1
5252,5
5253,4
5254,4
5255,5
5256,4
5257,1
5258,5
5259,4
5260,1
5261,4
5262,4
5263,5
5264,1
5265,5
5266,1
5267,5
5268,5
5269,5
5270,3
5271,4
5272,5
5273,4
5274,5
5275,4
5276,4
5277,5
5278,5
5279,5
5280,5
5281,5
5282,5
5283,4
5284,5
5285,3
5286,4
5287,5
5288,5
5289,5
5290,2
5291,5
5292,4
5293,4
5294,4
5295,5
5296,4
5297,5
5298,4
5299,5
5300,1
5301,3
5302,2
5303,4
5304,1
5305,5
5306,5
5307,3
5308,5
5309,4
5310,5
5311,4
5312,3
5313,1
5314,1
5315,4
5316,5
5317,4
5318,4
5319,3
5320,5
5321,2
5322,5
5323,5
5324,4
5325,5
5326,4
5327,4
5328,5
5329,5
5330,2
5331,5
5332,5
5333,5
5334,5
5335,5
5336,5
5337,4
5338,5
5339,5
5340,5
5341,3
5342,2
5343,4
5344,1
5345,5
5346,5
5347,5
5348,5
5349,4
5350,5
5351,5
5352,5
5353,5
5354,4
5355,4
5356,5
5357,5
5358,5
5359,5
5360,4
5361,1
5362,5
5363,1
5364,4
5365,4
5366,5
5367,5
5368,4
5369,5
5370,5
5371,2
5372,5
5373,1
5374,5
5375,4
5376,5
5377,3
5378,2
5379,3
5380,5
5381,4
5382,4
5383,5
5384,4
5385,5
5386,5
5387,5
5388,5
5389,5
5390,5
5391,5
5392,5
5393,4
5394,5
5395,4
5396,4
5397,1
5398,1
5399,4
5400,3
5401,3
5402,4
5403,4
5404,5
5405,5
5406,1
5407,1
5408,5
5409,3
5410,1
5411,5
5412,3
5413,3
5414,5
5415,5
5416,4
5417,1
5418,5
5419,2
5420,2
5421,5
5422,5
5423,4
5424,4
5425,5
5426,5
5427,2
5428,3
5429,4
5430,5
5431,4
5432,5
5433,4
5434,4
5435,3
5436,4
5437,5
5438,4
5439,5
5440,5
5441,5
5442,3
5443,2
5444,2
5445,4
5446,1
5447,1
5448,5
5449,3
5450,2
5451,4
5452,5
5453,5
5454,1
5455,4
5456,4
5457,5
5458,5
5459,4
5460,1
5461,5
5462,1
5463,4
5464,5
5465,5
5466,5
5467,5
5468,5
5469,3
5470,3
5471,1
5472,1
5473,3
5474,4
5475,5
5476,4
5477,2
5478,5
5479,5
5480,5
5481,5
5482,5
5483,1
5484,2
5485,4
5486,5
5487,5
5488,3
5489,5
5490,5
5491,1
5492,4
5493,5
5494,5
5495,4
5496,2
5497,2
5498,5
5499,2
5500,1
5501,5
5502,5
5503,5
5504,5
5505,5
5506,4
5507,5
5508,4
5509,3
5510,5
5511,5
5512,4
5513,5
5514,3
5515,5
5516,2
5517,1
5518,3
5519,3
5520,5
5521,5
5522,5
5523,2
5524,2
5525,2
5526,5
5527,1
5528,5
5529,5
5530,4
5531,5
5532,4
5533,4
5534,5
5535,5
5536,5
5537,4
5538,1
5539,4
5540,5
5541,2
5542,3
5543,5
5544,2
5545,4
5546,4
5547,3
5548,5
5549,4
5550,4
5551,3
5552,5
5553,5
5554,1
5555,4
5556,1
5557,5
5558,4
5559,5
5560,3
5561,5
5562,5
5563,5
5564,1
5565,3
5566,5
5567,4
5568,5
5569,5
5570,3
5571,3
5572,5
5573,4
5574,5
5575,3
5576,4
5577,5
5578,2
5579,5
5580,5
5581,5
5582,5
5583,4
5584,3
5585,4
5586,5
5587,4
5588,3
5589,4
5590,2
5591,5
5592,5
5593,4
5594,5
5595,5
5596,5
5597,5
5598,4
5599,3
5600,5
5601,4
5602,1
5603,5
5604,3
5605,5
5606,5
5607,5
5608,1
5609,5
5610,4
5611,5
5612,3
5613,3
5614,5
5615,5
5616,4
5617,2
5618,5
5619,3
5620,2
5621,5
5622,3
5623,3
5624,1
5625,4
5626,5
5627,5
5628,5
5629,5
5630,3
5631,5
5632,5
5633,5
5634,3
5635,4
5636,3
5637,3
5638,5
5639,4
5640,4
5641,5
5642,5
5643,4
5644,4
5645,5
5646,4
5647,1
5648,4
5649,4
5650,1
5651,5
5652,5
5653,1
5654,4
5655,4
5656,5
5657,5
5658,5
5659,2
5660,5
5661,5
5662,1
5663,1
5664,5
5665,4
5666,3
5667,1
5668,4
5669,2
5670,4
5671,5
5672,5
5673,4
5674,5
5675,4
5676,4
5677,5
5678,5
5679,5
5680,5
5681,1
5682,5
5683,3
5684,5
5685,4
5686,4
5687,5
5688,3
5689,5
5690,4
5691,5
5692,5
5693,5
5694,3
5695,5
5696,1
5697,5
5698,5
5699,4
5700,5
5701,4
5702,5
5703,5
5704,5
5705,4
5706,4
5707,5
5708,2
5709,5
5710,4
5711,2
5712,4
5713,2
5714,5
5715,5
5716,5
5717,1
5718,4
5719,1
5720,2
5721,3
5722,5
5723,5
5724,4
5725,4
5726,3
5727,4
5728,3
5729,2
5730,5
5731,5
5732,5
5733,5
5734,3
5735,5
5736,5
5737,5
5738,5
5739,4
5740,4
5741,5
5742,1
5743,5
5744,5
5745,4
5746,4
5747,5
5748,5
5749,5
5750,5
5751,3
5752,5
5753,4
5754,5
5755,3
5756,1
5757,5
5758,1
5759,1
5760,5
5761,5
5762,5
5763,4
5764,4
5765,2
5766,4
5767,1
5768,4
5769,2
5770,4
5771,5
5772,5
5773,5
5774,1
5775,5
5776,4
5777,5
5778,5
5779,3
5780,5
5781,2
5782,4
5783,5
5784,5
5785,1
5786,4
5787,4
5788,5
5789,4
5790,4
5791,4
5792,5
5793,3
5794,5
5795,3
5796,5
5797,1
5798,5
5799,4
5800,5
5801,5
5802,4
5803,5
5804,4
5805,5
5806,5
5807,4
5808,5
5809,5
5810,5
5811,5
5812,5
5813,4
5814,5
5815,4
5816,5
5817,5
5818,2
5819,5
5820,4
5821,4
5822,4
5823,5
5824,1
5825,4
5826,4
5827,5
5828,5
5829,5
5830,5
5831,5
5832,2
5833,4
5834,5
5835,5
5836,5
5837,5
5838,5
5839,5
5840,4
5841,4
5842,4
5843,5
5844,1
5845,5
5846,4
5847,4
5848,5
5849,5
5850,5
5851,4
5852,1
5853,4
5854,1
5855,3
5856,2
5857,5
5858,5
5859,5
5860,2
5861,1
5862,4
5863,3
5864,4
5865,3
5866,5
5867,5
5868,5
5869,4
5870,5
5871,5
5872,5
5873,2
5874,3
5875,4
5876,5
5877,2
5878,5
5879,4
5880,1
5881,4
5882,5
5883,4
5884,3
5885,5
5886,3
5887,4
5888,5
5889,4
5890,5
5891,4
5892,5
5893,4
5894,5
5895,5
5896,3
5897,4
5898,4
5899,2
5900,3
5901,5
5902,4
5903,1
5904,3
5905,4
5906,5
5907,4
5908,5
5909,1
5910,5
5911,3
5912,3
5913,4
5914,5
5915,5
5916,5
5917,5
5918,1
5919,4
5920,5
5921,1
5922,3
5923,5
5924,5
5925,4
5926,5
5927,4
5928,3
5929,4
5930,2
5931,5
5932,4
5933,4
5934,5
5935,3
5936,1
5937,4
5938,4
5939,3
5940,5
5941,5
5942,4
5943,5
5944,4
5945,4
5946,3
5947,5
5948,5
5949,4
5950,5
5951,5
5952,4
5953,3
5954,5
5955,2
5956,3
5957,3
5958,5
5959,5
5960,1
5961,5
5962,3
5963,5
5964,5
5965,5
5966,4
5967,5
5968,5
5969,4
5970,4
5971,3
5972,3
5973,5
5974,2
5975,1
5976,4
5977,2
5978,5
5979,4
5980,5
5981,5
5982,5
5983,5
5984,2
5985,5
5986,3
5987,5
5988,5
5989,4
5990,5
5991,5
5992,4
5993,4
5994,5
5995,5
5996,4
5997,5
5998,4
5999,4
6000,4
6001,4
6002,3
6003,5
6004,4
6005,5
6006,5
6007,4
6008,3
6009,4
6010,5
6011,4
6012,4
6013,3
6014,5
6015,5
6016,5
6017,5
6018,5
6019,5
6020,5
6021,3
6022,1
6023,4
6024,5
6025,1
6026,5
6027,5
6028,4
6029,1
6030,3
6031,4
6032,4
6033,5
6034,4
6035,5
6036,4
6037,5
6038,3
6039,1
6040,5
6041,4
6042,5
6043,4
6044,5
6045,3
6046,3
6047,4
6048,4
6049,3
6050,5
6051,5
6052,2
6053,4
6054,5
6055,2
6056,3
6057,3
6058,5
6059,5
6060,5
6061,5
6062,5
6063,3
6064,2
6065,5
6066,5
6067,4
6068,5
6069,5
6070,4
6071,5
6072,4
6073,5
6074,5
6075,5
6076,5
6077,5
6078,2
6079,1
6080,5
6081,3
6082,5
6083,5
6084,5
6085,3
6086,5
6087,3
6088,5
6089,5
6090,5
6091,5
6092,4
6093,5
6094,3
6095,5
6096,1
6097,4
6098,3
6099,5
6100,4
6101,4
6102,5
6103,4
6104,5
6105,4
6106,5
6107,5
6108,4
6109,5
6110,2
6111,5
6112,5
6113,5
6114,1
6115,4
6116,3
6117,4
6118,4
6119,5
6120,4
6121,3
6122,5
6123,5
6124,4
6125,5
6126,5
6127,5
6128,1
6129,5
6130,5
6131,5
6132,5
6133,5
6134,5
6135,2
6136,2
6137,4
6138,5
6139,4
6140,3
6141,4
6142,1
6143,5
6144,5
6145,1
6146,5
6147,4
6148,5
6149,4
6150,3
6151,5
6152,3
6153,4
6154,5
6155,4
6156,4
6157,2
6158,4
6159,3
6160,4
6161,1
6162,4
6163,2
6164,5
6165,5
6166,5
6167,3
6168,2
6169,4
6170,1
6171,5
6172,5
6173,2
6174,3
6175,5
6176,5
6177,5
6178,4
6179,4
6180,3
6181,3
6182,2
6183,5
6184,5
6185,4
6186,5
6187,4
6188,4
6189,5
6190,4
6191,4
6192,3
6193,5
6194,4
6195,5
6196,5
6197,3
6198,4
6199,5
6200,2
6201,2
6202,4
6203,5
6204,4
6205,3
6206,4
6207,2
6208,5
6209,2
6210,5
6211,5
6212,5
6213,5
6214,5
6215,4
6216,1
6217,5
6218,5
6219,5
6220,5
6221,5
6222,4
6223,1
6224,5
6225,5
6226,4
6227,5
6228,3
6229,3
6230,1
6231,4
6232,1
6233,2
6234,4
6235,5
6236,3
6237,3
6238,5
6239,5
6240,5
6241,5
6242,5
6243,5
6244,2
6245,5
6246,4
6247,5
6248,2
6249,5
6250,3
6251,5
6252,5
6253,3
6254,5
6255,4
6256,5
6257,5
6258,2
6259,5
6260,4
6261,4
6262,5
6263,5
6264,5
6265,3
6266,5
6267,5
6268,4
6269,3
6270,5
6271,3
6272,5
6273,4
6274,5
6275,5
6276,5
6277,4
6278,2
6279,5
6280,5
6281,3
6282,3
6283,3
6284,4
6285,5
6286,5
6287,5
6288,5
6289,5
6290,5
6291,5
6292,5
6293,5
6294,4
6295,3
6296,5
6297,5
6298,1
6299,5
6300,3
6301,5
6302,5
6303,4
6304,5
6305,5
6306,2
6307,4
6308,5
6309,2
6310,4
6311,3
6312,1
6313,5
6314,2
6315,5
6316,5
6317,1
6318,5
6319,4
6320,4
6321,5
6322,2
6323,5
6324,3
6325,5
6326,3
6327,5
6328,3
6329,5
6330,3
6331,5
6332,5
6333,4
6334,4
6335,5
6336,3
6337,4
6338,5
6339,5
6340,4
6341,5
6342,5
6343,3
6344,1
6345,2
6346,5
6347,5
6348,4
6349,2
6350,5
6351,5
6352,2
6353,5
6354,1
6355,5
6356,2
6357,4
6358,4
6359,3
6360,3
6361,5
6362,3
6363,3
6364,5
6365,4
6366,5
6367,4
6368,5
6369,4
6370,5
6371,5
6372,5
6373,2
6374,3
6375,4
6376,3
6377,5
6378,5
6379,4
6380,4
6381,5
6382,5
6383,1
6384,1
6385,5
6386,4
6387,4
6388,5
6389,5
6390,5
6391,4
6392,3
6393,1
6394,1
6395,5
6396,5
6397,4
6398,5
6399,1
6400,5
6401,4
6402,2
6403,5
6404,5
6405,4
6406,4
6407,3
6408,2
6409,5
6410,5
6411,4
6412,5
6413,5
6414,5
6415,5
6416,5
6417,5
6418,4
6419,1
6420,4
6421,5
6422,4
6423,4
6424,5
6425,2
6426,5
6427,4
6428,5
6429,5
6430,5
6431,5
6432,1
6433,5
6434,4
6435,4
6436,5
6437,3
6438,5
6439,5
6440,1
6441,5
6442,5
6443,5
6444,4
6445,1
6446,4
6447,2
6448,3
6449,4
6450,4
6451,5
6452,3
6453,5
6454,3
6455,1
6456,1
6457,5
6458,5
6459,5
6460,3
6461,5
6462,4
6463,1
6464,5
6465,5
6466,1
6467,5
6468,5
6469,1
6470,5
6471,5
6472,4
6473,2
6474,4
6475,5
6476,4
6477,3
6478,4
6479,5
6480,5
6481,4
6482,4
6483,3
6484,5
6485,4
6486,4
6487,5
6488,1
6489,2
6490,5
6491,5
6492,3
6493,5
6494,5
6495,5
6496,5
6497,5
6498,5
6499,1
6500,2
6501,2
6502,4
6503,5
6504,4
6505,4
6506,5
6507,4
6508,5
6509,2
6510,1
6511,1
6512,5
6513,5
6514,1
6515,4
6516,5
6517,3
6518,5
6519,4
6520,5
6521,5
6522,3
6523,5
6524,2
6525,4
6526,1
6527,5
6528,5
6529,1
6530,5
6531,1
6532,2
6533,3
6534,2
6535,2
6536,4
6537,5
6538,4
6539,4
6540,5
6541,5
6542,3
6543,2
6544,3
6545,4
6546,5
6547,5
6548,5
6549,5
6550,5
6551,4
6552,4
6553,5
6554,5
6555,5
6556,1
6557,3
6558,4
6559,4
6560,4
6561,5
6562,5
6563,4
6564,4
6565,4
6566,5
6567,5
6568,5
6569,5
6570,5
6571,5
6572,2
6573,3
6574,4
6575,5
6576,5
6577,1
6578,5
6579,5
6580,4
6581,5
6582,5
6583,5
6584,5
6585,5
6586,5
6587,5
6588,5
6589,4
6590,1
6591,2
6592,5
6593,3
6594,4
6595,5
6596,1
6597,5
6598,3
6599,1
6600,2
6601,5
6602,5
6603,5
6604,4
6605,4
6606,1
6607,5
6608,5
6609,5
6610,5
6611,3
6612,2
6613,1
6614,5
6615,2
6616,2
6617,3
6618,5
6619,3
6620,5
6621,5
6622,5
6623,5
6624,3
6625,5
6626,5
6627,5
6628,3
6629,4
6630,5
6631,4
6632,3
6633,2
6634,1
6635,3
6636,4
6637,5
6638,5
6639,3
6640,5
6641,5
6642,5
6643,3
6644,4
6645,3
6646,4
6647,5
6648,5
6649,2
6650,5
6651,5
6652,5
6653,5
6654,5
6655,5
6656,5
6657,4
6658,4
6659,5
6660,3
6661,5
6662,5
6663,5
6664,1
6665,5
6666,5
6667,5
6668,2
6669,4
6670,4
6671,3
6672,5
6673,3
6674,5
6675,2
6676,3
6677,5
6678,5
6679,4
6680,4
6681,2
6682,5
6683,4
6684,5
6685,1
6686,3
6687,4
6688,1
6689,4
6690,5
6691,5
6692,5
6693,1
6694,3
6695,4
6696,4
6697,5
6698,4
6699,4
6700,4
6701,5
6702,5
6703,2
6704,3
6705,5
6706,5
6707,3
6708,1
6709,5
6710,3
6711,1
6712,4
6713,2
6714,5
6715,1
6716,3
6717,5
6718,5
6719,1
6720,5
6721,4
6722,5
6723,5
6724,5
6725,1
6726,5
6727,4
6728,5
6729,1
6730,5
6731,4
6732,5
6733,5
6734,1
6735,5
6736,5
6737,4
6738,5
6739,4
6740,3
6741,5
6742,2
6743,4
6744,5
6745,4
6746,5
6747,4
6748,5
6749,2
6750,5
6751,1
6752,4
6753,4
6754,5
6755,5
6756,4
6757,5
6758,5
6759,1
6760,5
6761,5
6762,5
6763,5
6764,5
6765,1
6766,5
6767,5
6768,5
6769,5
6770,5
6771,2
6772,4
6773,5
6774,5
6775,4
6776,5
6777,1
6778,1
6779,5
6780,4
6781,5
6782,3
6783,5
6784,5
6785,5
6786,3
6787,5
6788,5
6789,3
6790,4
6791,3
6792,1
6793,3
6794,5
6795,4
6796,3
6797,2
6798,4
6799,3
6800,5
6801,5
6802,5
6803,4
6804,4
6805,4
6806,3
6807,3
6808,5
6809,2
6810,1
6811,5
6812,5
6813,5
6814,4
6815,5
6816,5
6817,5
6818,5
6819,5
6820,4
6821,5
6822,5
6823,5
6824,5
6825,4
6826,5
6827,3
6828,5
6829,5
6830,5
6831,1
6832,5
6833,5
6834,5
6835,5
6836,5
6837,3
6838,5
6839,1
6840,3
6841,5
6842,5
6843,5
6844,5
6845,5
6846,4
6847,4
6848,5
6849,4
6850,3
6851,5
6852,5
6853,5
6854,1
6855,3
6856,1
6857,4
6858,5
6859,5
6860,1
6861,4
6862,3
6863,5
6864,4
6865,4
6866,4
6867,5
6868,4
6869,3
6870,4
6871,5
6872,5
6873,3
6874,1
6875,4
6876,5
6877,4
6878,5
6879,5
6880,5
6881,5
6882,5
6883,4
6884,5
6885,5
6886,2
6887,3
6888,3
6889,5
6890,4
6891,5
6892,3
6893,5
6894,5
6895,4
6896,5
6897,5
6898,4
6899,5
6900,5
6901,3
6902,2
6903,3
6904,4
6905,5
6906,5
6907,5
6908,5
6909,5
6910,4
6911,5
6912,4
6913,5
6914,5
6915,4
6916,5
6917,3
6918,4
6919,2
6920,5
6921,3
6922,3
6923,5
6924,4
6925,3
6926,4
6927,3
6928,4
6929,5
6930,5
6931,5
6932,5
6933,5
6934,1
6935,1
6936,5
6937,5
6938,5
6939,4
6940,3
6941,4
6942,2
6943,5
6944,5
6945,5
6946,5
6947,5
6948,5
6949,5
6950,3
6951,5
6952,5
6953,5
6954,4
6955,5
6956,4
6957,5
6958,3
6959,2
6960,5
6961,5
6962,4
6963,4
6964,1
6965,5
6966,5
6967,5
6968,4
6969,1
6970,5
6971,1
6972,5
6973,4
6974,1
6975,4
6976,4
6977,5
6978,4
6979,5
6980,5
6981,5
6982,5
6983,2
6984,5
6985,2
6986,4
6987,5
6988,4
6989,1
6990,3
6991,5
6992,4
6993,1
6994,5
6995,4
6996,2
6997,5
6998,3
6999,4
7000,5
7001,2
7002,4
7003,4
7004,5
7005,4
7006,5
7007,5
7008,5
7009,1
7010,4
7011,4
7012,4
7013,5
7014,5
7015,3
7016,5
7017,1
7018,5
7019,5
7020,4
7021,5
7022,5
7023,5
7024,3
7025,1
7026,5
7027,3
7028,2
7029,5
7030,5
7031,5
7032,3
7033,4
7034,5
7035,4
7036,5
7037,3
7038,5
7039,5
7040,2
7041,2
7042,4
7043,5
7044,1
7045,4
7046,5
7047,5
7048,5
7049,3
7050,5
7051,5
7052,5
7053,4
7054,5
7055,1
7056,1
7057,5
7058,2
7059,5
7060,3
7061,3
7062,3
7063,5
7064,5
7065,5
7066,3
7067,4
7068,4
7069,2
7070,5
7071,5
7072,5
7073,4
7074,5
7075,5
7076,5
7077,5
7078,5
7079,5
7080,1
7081,5
7082,4
7083,5
7084,5
7085,4
7086,4
7087,5
7088,4
7089,5
7090,5
7091,5
7092,5
7093,4
7094,4
7095,5
7096,3
7097,2
7098,4
7099,5
7100,3
7101,1
7102,5
7103,5
7104,4
7105,4
7106,3
7107,4
7108,5
7109,5
7110,1
7111,3
7112,5
7113,4
7114,5
7115,5
7116,4
7117,4
7118,5
7119,4
7120,5
7121,1
7122,5
7123,4
7124,5
7125,5
7126,5
7127,3
7128,4
7129,5
7130,5
7131,4
7132,4
7133,3
7134,5
7135,3
7136,5
7137,5
7138,5
7139,4
7140,5
7141,4
7142,5
7143,3
7144,1
7145,3
7146,5
7147,5
7148,4
7149,5
7150,1
7151,4
7152,5
7153,3
7154,3
7155,4
7156,5
7157,4
7158,2
7159,4
7160,3
7161,5
7162,3
7163,4
7164,5
7165,5
7166,5
7167,1
7168,2
7169,5
7170,4
7171,5
7172,4
7173,5
7174,4
7175,3
7176,4
7177,1
7178,3
7179,5
7180,5
7181,5
7182,4
7183,5
7184,5
7185,4
7186,4
7187,5
7188,5
7189,5
7190,2
7191,5
7192,3
7193,5
7194,5
7195,5
7196,3
7197,5
7198,2
7199,5
7200,5
7201,5
7202,5
7203,5
7204,4
7205,5
7206,2
7207,4
7208,2
7209,5
7210,2
7211,5
7212,4
7213,5
7214,5
7215,5
7216,4
7217,1
7218,5
7219,3
7220,5
7221,3
7222,4
7223,4
7224,1
7225,5
7226,4
7227,5
7228,5
7229,1
7230,5
7231,3
7232,5
7233,5
7234,3
7235,5
7236,5
7237,4
7238,2
7239,5
7240,3
7241,4
7242,5
7243,4
7244,3
7245,3
7246,1
7247,4
7248,5
7249,1
7250,5
7251,4
7252,3
7253,5
7254,5
7255,4
7256,3
7257,2
7258,5
7259,3
7260,2
7261,5
7262,5
7263,5
7264,5
7265,4
7266,1
7267,5
7268,5
7269,5
7270,5
7271,3
7272,5
7273,5
7274,5
7275,5
7276,4
7277,5
7278,5
7279,4
7280,5
7281,2
7282,5
7283,4
7284,5
7285,5
7286,5
7287,3
7288,1
7289,1
7290,3
7291,1
7292,4
7293,3
7294,3
7295,5
7296,5
7297,4
7298,3
7299,5
7300,2
7301,4
7302,4
7303,5
7304,1
7305,5
7306,4
7307,1
7308,1
7309,3
7310,2
7311,4
7312,4
7313,4
7314,4
7315,5
7316,5
7317,5
7318,4
7319,4
7320,5
7321,5
7322,5
7323,4
7324,5
7325,3
7326,2
7327,5
7328,5
7329,5
7330,5
7331,5
7332,5
7333,5
7334,5
7335,4
7336,4
7337,5
7338,4
7339,2
7340,5
7341,1
7342,4
7343,5
7344,4
7345,5
7346,2
7347,5
7348,5
7349,4
7350,5
7351,5
7352,5
7353,4
7354,4
7355,4
7356,5
7357,5
7358,4
7359,1
7360,3
7361,5
7362,3
7363,5
7364,5
7365,4
7366,1
7367,4
7368,5
7369,4
7370,5
7371,5
7372,5
7373,5
7374,5
7375,5
7376,4
7377,3
7378,5
7379,5
7380,5
7381,3
7382,5
7383,5
7384,5
7385,5
7386,5
7387,5
7388,4
7389,5
7390,3
7391,3
7392,5
7393,5
7394,5
7395,2
7396,5
7397,4
7398,5
7399,3
7400,1
7401,5
7402,5
7403,3
7404,5
7405,4
7406,5
7407,4
7408,5
7409,3
7410,5
7411,5
7412,5
7413,5
7414,4
7415,2
7416,4
7417,4
7418,5
7419,4
7420,5
7421,4
7422,1
7423,1
7424,5
7425,4
7426,3
7427,5
7428,4
7429,5
7430,1
7431,2
7432,5
7433,3
7434,4
7435,5
7436,4
7437,4
7438,5
7439,5
7440,4
7441,4
7442,2
7443,5
7444,5
7445,4
7446,5
7447,5
7448,5
7449,5
7450,5
7451,4
7452,5
7453,3
7454,4
7455,4
7456,5
7457,1
7458,4
7459,2
7460,5
7461,3
7462,3
7463,4
7464,1
7465,4
7466,2
7467,5
7468,3
7469,3
7470,5
7471,4
7472,5
7473,2
7474,3
7475,5
7476,5
7477,1
7478,3
7479,4
7480,5
7481,5
7482,5
7483,3
7484,2
7485,3
7486,5
7487,5
7488,1
7489,5
7490,1
7491,2
7492,4
7493,5
7494,5
7495,4
7496,4
7497,2
7498,3
7499,5
7500,3
7501,3
7502,5
7503,3
7504,5
7505,4
7506,2
7507,5
7508,5
7509,5
7510,5
7511,2
7512,5
7513,5
7514,5
7515,5
7516,2
7517,5
7518,5
7519,5
7520,3
7521,1
7522,4
7523,5
7524,5
7525,5
7526,4
7527,3
7528,5
7529,4
7530,2
7531,3
7532,5
7533,1
7534,5
7535,3
7536,3
7537,4
7538,3
7539,5
7540,3
7541,5
7542,4
7543,4
7544,3
7545,5
7546,3
7547,4
7548,5
7549,5
7550,3
7551,5
7552,4
7553,1
7554,3
7555,5
7556,5
7557,1
7558,1
7559,5
7560,5
7561,5
7562,5
7563,5
7564,5
7565,5
7566,5
7567,5
7568,5
7569,5
7570,5
7571,5
7572,5
7573,5
7574,5
7575,4
7576,4
7577,5
7578,4
7579,5
7580,3
7581,5
7582,4
7583,4
7584,5
7585,5
7586,5
7587,3
7588,5
7589,5
7590,4
7591,5
7592,5
7593,1
7594,4
7595,5
7596,5
7597,5
7598,5
7599,5
7600,5
7601,2
7602,4
7603,5
7604,5
7605,5
7606,2
7607,5
7608,4
7609,4
7610,2
7611,5
7612,5
7613,5
7614,4
7615,5
7616,2
7617,5
7618,5
7619,5
7620,1
7621,2
7622,5
7623,1
7624,3
7625,5
7626,5
7627,5
7628,5
7629,5
7630,5
7631,5
7632,5
7633,5
7634,5
7635,1
7636,3
7637,5
7638,5
7639,2
7640,3
7641,5
7642,2
7643,5
7644,1
7645,4
7646,4
7647,3
7648,5
7649,1
7650,4
7651,4
7652,5
7653,1
7654,5
7655,5
7656,5
7657,5
7658,5
7659,5
7660,5
7661,3
7662,4
7663,3
7664,5
7665,5
7666,5
7667,5
7668,5
7669,4
7670,2
7671,5
7672,5
7673,4
7674,4
7675,4
7676,5
7677,5
7678,4
7679,4
7680,3
7681,5
7682,1
7683,5
7684,5
7685,5
7686,3
7687,1
7688,5
7689,4
7690,5
7691,5
7692,4
7693,5
7694,5
7695,5
7696,2
7697,5
7698,5
7699,3
7700,5
7701,5
7702,4
7703,2
7704,1
7705,4
7706,2
7707,4
7708,5
7709,5
7710,5
7711,5
7712,5
7713,5
7714,4
7715,5
7716,5
7717,5
7718,5
7719,5
7720,5
7721,5
7722,3
7723,5
7724,4
7725,5
7726,4
7727,5
7728,3
7729,3
7730,3
7731,5
7732,2
7733,4
7734,4
7735,5
7736,5
7737,5
7738,5
7739,4
7740,5
7741,4
7742,1
7743,4
7744,5
7745,4
7746,5
7747,3
7748,5
7749,5
7750,1
7751,4
7752,5
7753,4
7754,5
7755,4
7756,5
7757,5
7758,5
7759,5
7760,4
7761,3
7762,3
7763,4
7764,4
7765,5
7766,2
7767,5
7768,4
7769,3
7770,5
7771,5
7772,2
7773,3
7774,5
7775,3
7776,1
7777,5
7778,3
7779,5
7780,5
7781,5
7782,5
7783,5
7784,2
7785,5
7786,5
7787,5
7788,2
7789,2
7790,4
7791,4
7792,5
7793,5
7794,4
7795,5
7796,4
7797,3
7798,4
7799,4
7800,3
7801,4
7802,5
7803,5
7804,5
7805,3
7806,5
7807,3
7808,3
7809,5
7810,5
7811,5
7812,4
7813,5
7814,3
7815,3
7816,4
7817,4
7818,5
7819,4
7820,5
7821,5
7822,5
7823,5
7824,5
7825,5
7826,4
7827,5
7828,5
7829,5
7830,5
7831,2
7832,4
7833,3
7834,4
7835,4
7836,5
7837,5
7838,5
7839,2
7840,4
7841,5
7842,2
7843,1
7844,3
7845,5
7846,5
7847,5
7848,4
7849,3
7850,5
7851,5
7852,5
7853,3
7854,4
7855,1
7856,5
7857,5
7858,5
7859,2
7860,2
7861,5
7862,4
7863,5
7864,4
7865,4
7866,1
7867,2
7868,5
7869,5
7870,4
7871,5
7872,4
7873,4
7874,3
7875,5
7876,3
7877,5
7878,5
7879,2
7880,2
7881,5
7882,5
7883,1
7884,5
7885,5
7886,4
7887,5
7888,5
7889,5
7890,5
7891,5
7892,5
7893,1
7894,5
7895,5
7896,4
7897,5
7898,5
7899,4
7900,4
7901,2
7902,1
7903,5
7904,5
7905,4
7906,5
7907,4
7908,3
7909,5
7910,4
7911,4
7912,4
7913,4
7914,5
7915,5
7916,5
7917,1
7918,5
7919,5
7920,3
7921,3
7922,5
7923,1
7924,3
7925,5
7926,5
7927,5
7928,3
7929,3
7930,5
7931,5
7932,4
7933,3
7934,1
7935,5
7936,5
7937,3
7938,3
7939,4
7940,4
7941,4
7942,5
7943,5
7944,3
7945,5
7946,5
7947,5
7948,4
7949,5
7950,5
7951,2
7952,5
7953,5
7954,4
7955,3
7956,3
7957,5
7958,4
7959,4
7960,5
7961,5
7962,4
7963,4
7964,2
7965,1
7966,5
7967,1
7968,4
7969,5
7970,2
7971,3
7972,4
7973,5
7974,3
7975,5
7976,3
7977,2
7978,4
7979,3
7980,2
7981,4
7982,3
7983,5
7984,5
7985,4
7986,3
7987,4
7988,4
7989,1
7990,4
7991,5
7992,5
7993,5
7994,5
7995,2
7996,1
7997,4
7998,5
7999,2
8000,4
8001,5
8002,2
8003,3
8004,5
8005,2
8006,5
8007,2
8008,5
8009,2
8010,5
8011,5
8012,1
8013,1
8014,4
8015,5
8016,3
8017,4
8018,4
8019,4
8020,5
8021,5
8022,3
8023,5
8024,5
8025,4
8026,5
8027,5
8028,5
8029,4
8030,5
8031,5
8032,4
8033,4
8034,5
8035,5
8036,2
8037,4
8038,5
8039,4
8040,1
8041,5
8042,5
8043,4
8044,2
8045,5
8046,5
8047,5
8048,2
8049,5
8050,5
8051,5
8052,1
8053,3
8054,5
8055,4
8056,5
8057,4
8058,5
8059,5
8060,3
8061,3
8062,5
8063,5
8064,4
8065,4
8066,4
8067,3
8068,5
8069,5
8070,5
8071,4
8072,3
8073,1
8074,3
8075,3
8076,3
8077,4
8078,4
8079,5
8080,5
8081,1
8082,3
8083,3
8084,1
8085,5
8086,5
8087,2
8088,5
8089,4
8090,4
8091,5
8092,5
8093,5
8094,5
8095,5
8096,4
8097,5
8098,2
8099,5
8100,3
8101,5
8102,5
8103,5
8104,5
8105,5
8106,5
8107,1
8108,5
8109,5
8110,4
8111,5
8112,5
8113,4
8114,4
8115,2
8116,5
8117,3
8118,4
8119,3
8120,1
8121,5
8122,1
8123,5
8124,5
8125,4
8126,5
8127,4
8128,3
8129,3
8130,4
8131,4
8132,5
8133,4
8134,5
8135,2
8136,5
8137,5
8138,5
8139,4
8140,5
8141,3
8142,5
8143,5
8144,5
8145,4
8146,5
8147,5
8148,4
8149,1
8150,5
8151,4
8152,3
8153,5
8154,5
8155,5
8156,1
8157,3
8158,4
8159,5
8160,4
8161,3
8162,5
8163,5
8164,3
8165,5
8166,5
8167,4
8168,4
8169,5
8170,4
8171,4
8172,2
8173,3
8174,5
8175,5
8176,4
8177,4
8178,1
8179,5
8180,5
8181,3
8182,3
8183,5
8184,5
8185,4
8186,4
8187,5
8188,5
8189,5
8190,1
8191,5
8192,4
8193,3
8194,4
8195,1
8196,4
8197,5
8198,4
8199,4
8200,1
8201,4
8202,5
8203,5
8204,4
8205,1
8206,5
8207,5
8208,3
8209,4
8210,2
8211,5
8212,5
8213,3
8214,5
8215,1
8216,5
8217,5
8218,4
8219,5
8220,5
8221,4
8222,1
8223,5
8224,4
8225,5
8226,3
8227,3
8228,5
8229,5
8230,4
8231,4
8232,3
8233,5
8234,3
8235,5
8236,5
8237,5
8238,5
8239,5
8240,5
8241,3
8242,1
8243,4
8244,4
8245,4
8246,5
8247,5
8248,3
8249,5
8250,4
8251,5
8252,5
8253,2
8254,1
8255,1
8256,5
8257,4
8258,1
8259,4
8260,5
8261,5
8262,5
8263,5
8264,5
8265,5
8266,4
8267,2
8268,5
8269,4
8270,5
8271,4
8272,2
8273,3
8274,4
8275,4
8276,4
8277,5
8278,4
8279,5
8280,3
8281,4
8282,4
8283,4
8284,1
8285,1
8286,5
8287,5
8288,5
8289,5
8290,5
8291,5
8292,4
8293,4
8294,5
8295,3
8296,4
8297,4
8298,5
8299,5
8300,5
8301,5
8302,4
8303,4
8304,4
8305,5
8306,5
8307,4
8308,3
8309,4
8310,5
8311,2
8312,4
8313,4
8314,1
8315,3
8316,4
8317,4
8318,5
8319,4
8320,5
8321,5
8322,4
8323,4
8324,5
8325,5
8326,3
8327,4
8328,5
8329,5
8330,5
8331,5
8332,4
8333,5
8334,1
8335,1
8336,4
8337,5
8338,5
8339,3
8340,1
8341,5
8342,5
8343,3
8344,5
8345,5
8346,5
8347,3
8348,5
8349,4
8350,5
8351,5
8352,1
8353,5
8354,1
8355,1
8356,5
8357,5
8358,5
8359,2
8360,5
8361,5
8362,5
8363,5
8364,2
8365,5
8366,3
8367,5
8368,5
8369,4
8370,1
8371,3
8372,3
8373,5
8374,4
8375,5
8376,5
8377,4
8378,2
8379,5
8380,3
8381,1
8382,5
8383,4
8384,4
8385,4
8386,3
8387,5
8388,5
8389,5
8390,1
8391,5
8392,5
8393,2
8394,4
8395,5
8396,5
8397,5
8398,5
8399,5
8400,4
8401,5
8402,2
8403,4
8404,4
8405,5
8406,4
8407,1
8408,5
8409,5
8410,5
8411,5
8412,2
8413,5
8414,5
8415,3
8416,2
8417,4
8418,4
8419,5
8420,2
8421,3
8422,5
8423,5
8424,2
8425,5
8426,5
8427,5
8428,3
8429,4
8430,4
8431,5
8432,5
8433,2
8434,5
8435,4
8436,5
8437,4
8438,5
8439,2
8440,2
8441,2
8442,5
8443,3
8444,5
8445,5
8446,5
8447,1
8448,4
8449,5
8450,1
8451,5
8452,3
8453,5
8454,5
8455,4
8456,5
8457,5
8458,5
8459,5
8460,3
8461,1
8462,2
8463,5
8464,4
8465,5
8466,3
8467,5
8468,5
8469,3
8470,3
8471,2
8472,5
8473,5
8474,5
8475,5
8476,5
8477,4
8478,5
8479,4
8480,5
8481,5
8482,5
8483,3
8484,5
8485,5
8486,5
8487,5
8488,5
8489,5
8490,5
8491,3
8492,5
8493,4
8494,5
8495,4
8496,1
8497,4
8498,5
8499,3
8500,3
8501,2
8502,4
8503,3
8504,5
8505,4
8506,5
8507,5
8508,5
8509,5
8510,3
8511,4
8512,4
8513,1
8514,4
8515,2
8516,5
8517,4
8518,5
8519,4
8520,5
8521,5
8522,4
8523,4
8524,5
8525,5
8526,4
8527,5
8528,4
8529,4
8530,2
8531,4
8532,4
8533,5
8534,5
8535,5
8536,2
8537,5
8538,5
8539,3
8540,5
8541,5
8542,5
8543,3
8544,5
8545,5
8546,5
8547,5
8548,5
8549,5
8550,5
8551,5
8552,5
8553,3
8554,3
8555,4
8556,5
8557,5
8558,2
8559,2
8560,4
8561,1
8562,3
8563,4
8564,4
8565,5
8566,4
8567,5
8568,5
8569,3
8570,5
8571,4
8572,5
8573,4
8574,5
8575,4
8576,4
8577,5
8578,2
8579,5
8580,4
8581,4
8582,4
8583,4
8584,2
8585,3
8586,1
8587,5
8588,1
8589,5
8590,3
8591,5
8592,5
8593,4
8594,4
8595,3
8596,5
8597,4
8598,5
8599,4
8600,4
8601,5
8602,5
8603,5
8604,5
8605,3
8606,1
8607,5
8608,4
8609,3
8610,4
8611,5
8612,4
8613,4
8614,4
8615,4
8616,4
8617,5
8618,5
8619,5
8620,5
8621,5
8622,4
8623,3
8624,5
8625,5
8626,5
8627,5
8628,5
8629,5
8630,4
8631,5
8632,5
8633,5
8634,5
8635,5
8636,4
8637,2
8638,5
8639,5
8640,3
8641,3
8642,5
8643,4
8644,3
8645,5
8646,3
8647,5
8648,1
8649,4
8650,4
8651,5
8652,5
8653,4
8654,2
8655,5
8656,1
8657,4
8658,5
8659,4
8660,5
8661,4
8662,4
8663,1
8664,5
8665,5
8666,5
8667,5
8668,2
8669,2
8670,5
8671,2
8672,5
8673,5
8674,4
8675,1
8676,5
8677,5
8678,1
8679,5
8680,4
8681,4
8682,5
8683,3
8684,5
8685,5
8686,5
8687,5
8688,5
8689,5
8690,5
8691,5
8692,4
8693,3
8694,5
8695,4
8696,1
8697,4
8698,1
8699,5
8700,2
8701,5
8702,3
8703,5
8704,5
8705,5
8706,4
8707,3
8708,4
8709,5
8710,2
8711,5
8712,5
8713,5
8714,5
8715,5
8716,5
8717,4
8718,5
8719,3
8720,5
8721,5
8722,1
8723,4
8724,1
8725,3
8726,5
8727,4
8728,5
8729,5
8730,5
8731,5
8732,3
8733,5
8734,5
8735,5
8736,4
8737,1
8738,5
8739,5
8740,1
8741,5
8742,5
8743,5
8744,5
8745,5
8746,5
8747,5
8748,5
8749,4
8750,5
8751,3
8752,5
8753,3
8754,5
8755,3
8756,5
8757,5
8758,5
8759,3
8760,3
8761,2
8762,5
8763,5
8764,4
8765,5
8766,4
8767,4
8768,4
8769,5
8770,5
8771,5
8772,5
8773,3
8774,4
8775,5
8776,3
8777,2
8778,5
8779,5
8780,5
8781,5
8782,4
8783,1
8784,2
8785,1
8786,5
8787,5
8788,4
8789,2
8790,5
8791,5
8792,2
8793,2
8794,5
8795,5
8796,5
8797,5
8798,1
8799,3
8800,3
8801,5
8802,2
8803,5
8804,4
8805,5
8806,2
8807,5
8808,4
8809,5
8810,4
8811,5
8812,2
8813,5
8814,4
8815,3
8816,5
8817,5
8818,3
8819,5
8820,4
8821,5
8822,5
8823,4
8824,5
8825,4
8826,4
8827,5
8828,4
8829,4
8830,4
8831,4
8832,5
8833,5
8834,2
8835,1
8836,3
8837,3
8838,4
8839,4
8840,5
8841,5
8842,4
8843,5
8844,5
8845,3
8846,5
8847,1
8848,5
8849,1
8850,5
8851,5
8852,5
8853,4
8854,5
8855,5
8856,4
8857,5
8858,5
8859,3
8860,4
8861,5
8862,4
8863,5
8864,5
8865,5
8866,5
8867,5
8868,4
8869,5
8870,2
8871,1
8872,3
8873,3
8874,4
8875,4
8876,5
8877,5
8878,5
8879,4
8880,5
8881,4
8882,5
8883,5
8884,5
8885,5
8886,5
8887,5
8888,5
8889,5
8890,5
8891,4
8892,4
8893,4
8894,4
8895,3
8896,4
8897,5
8898,5
8899,5
8900,4
8901,4
8902,5
8903,5
8904,5
8905,5
8906,2
8907,5
8908,4
8909,4
8910,5
8911,3
8912,4
8913,3
8914,5
8915,5
8916,4
8917,5
8918,5
8919,4
8920,5
8921,2
8922,3
8923,4
8924,4
8925,3
8926,5
8927,4
8928,5
8929,5
8930,5
8931,1
8932,5
8933,5
8934,5
8935,2
8936,5
8937,3
8938,5
8939,3
8940,4
8941,1
8942,4
8943,4
8944,4
8945,5
8946,5
8947,3
8948,5
8949,4
8950,5
8951,4
8952,5
8953,5
8954,5
8955,5
8956,5
8957,3
8958,5
8959,5
8960,5
8961,5
8962,4
8963,2
8964,5
8965,3
8966,3
8967,5
8968,4
8969,5
8970,4
8971,1
8972,4
8973,3
8974,4
8975,5
8976,5
8977,1
8978,4
8979,3
8980,4
8981,5
8982,5
8983,5
8984,5
8985,5
8986,4
8987,4
8988,1
8989,1
8990,5
8991,5
8992,4
8993,3
8994,4
8995,5
8996,2
8997,3
8998,4
8999,5
9000,4
9001,4
9002,4
9003,5
9004,5
9005,4
9006,4
9007,5
9008,4
9009,4
9010,5
9011,4
9012,5
9013,5
9014,1
9015,5
9016,5
9017,5
9018,5
9019,1
9020,1
9021,5
9022,1
9023,4
9024,5
9025,1
9026,2
9027,5
9028,5
9029,3
9030,4
9031,5
9032,4
9033,4
9034,1
9035,5
9036,3
9037,5
9038,5
9039,4
9040,5
9041,4
9042,1
9043,5
9044,4
9045,5
9046,5
9047,5
9048,4
9049,1
9050,5
9051,5
9052,3
9053,5
9054,2
9055,5
9056,5
9057,4
9058,5
9059,4
9060,4
9061,4
9062,5
9063,1
9064,2
9065,3
9066,4
9067,4
9068,5
9069,4
9070,5
9071,4
9072,5
9073,5
9074,5
9075,4
9076,5
9077,3
9078,5
9079,4
9080,5
9081,4
9082,4
9083,4
9084,1
9085,3
9086,4
9087,5
9088,5
9089,4
9090,1
9091,5
9092,5
9093,3
9094,4
9095,3
9096,4
9097,2
9098,4
9099,5
9100,1
9101,4
9102,5
9103,5
9104,4
9105,5
9106,5
9107,4
9108,5
9109,3
9110,1
9111,5
9112,2
9113,3
9114,4
9115,5
9116,4
9117,5
9118,1
9119,5
9120,4
9121,5
9122,3
9123,4
9124,5
9125,1
9126,5
9127,5
9128,5
9129,5
9130,4
9131,4
9132,3
9133,2
9134,5
9135,3
9136,1
9137,5
9138,3
9139,5
9140,5
9141,5
9142,5
9143,5
9144,5
9145,5
9146,4
9147,5
9148,5
9149,4
9150,4
9151,5
9152,1
9153,5
9154,2
9155,4
9156,5
9157,5
9158,5
9159,4
9160,5
9161,4
9162,5
9163,5
9164,1
9165,5
9166,5
9167,3
9168,5
9169,5
9170,4
9171,1
9172,3
9173,5
9174,5
9175,4
9176,4
9177,4
9178,4
9179,5
9180,3
9181,4
9182,2
9183,5
9184,3
9185,4
9186,5
9187,5
9188,2
9189,5
9190,4
9191,5
9192,5
9193,5
9194,4
9195,5
9196,5
9197,4
9198,4
9199,3
9200,3
9201,5
9202,4
9203,4
9204,4
9205,2
9206,2
9207,5
9208,3
9209,5
9210,1
9211,3
9212,1
9213,1
9214,5
9215,3
9216,5
9217,5
9218,4
9219,4
9220,3
9221,5
9222,5
9223,2
9224,5
9225,4
9226,5
9227,5
9228,5
9229,4
9230,3
9231,4
9232,1
9233,1
9234,5
9235,4
9236,3
9237,3
9238,4
9239,5
9240,5
9241,5
9242,5
9243,5
9244,2
9245,5
9246,4
9247,2
9248,5
9249,4
9250,5
9251,3
9252,4
9253,5
9254,5
9255,5
9256,5
9257,3
9258,4
9259,4
9260,4
9261,5
9262,4
9263,1
9264,4
9265,4
9266,2
9267,4
9268,5
9269,3
9270,4
9271,4
9272,5
9273,3
9274,5
9275,5
9276,5
9277,2
9278,4
9279,3
9280,2
9281,5
9282,3
9283,5
9284,5
9285,5
9286,4
9287,5
9288,4
9289,5
9290,5
9291,5
9292,1
9293,4
9294,4
9295,5
9296,1
9297,4
9298,3
9299,5
9300,5
9301,4
9302,4
9303,5
9304,5
9305,1
9306,5
9307,2
9308,3
9309,5
9310,4
9311,1
9312,5
9313,5
9314,3
9315,4
9316,5
9317,5
9318,4
9319,3
9320,5
9321,3
9322,5
9323,4
9324,4
9325,4
9326,4
9327,5
9328,5
9329,4
9330,5
9331,4
9332,5
9333,5
9334,5
9335,4
9336,5
9337,5
9338,5
9339,5
9340,4
9341,1
9342,4
9343,3
9344,5
9345,3
9346,4
9347,5
9348,5
9349,1
9350,4
9351,5
9352,5
9353,2
9354,4
9355,5
9356,4
9357,5
9358,3
9359,5
9360,5
9361,5
9362,5
9363,4
9364,3
9365,2
9366,5
9367,5
9368,4
9369,5
9370,2
9371,5
9372,4
9373,5
9374,5
9375,4
9376,5
9377,5
9378,5
9379,5
9380,4
9381,4
9382,5
9383,5
9384,5
9385,4
9386,5
9387,2
9388,4
9389,5
9390,3
9391,4
9392,3
9393,3
9394,4
9395,5
9396,5
9397,5
9398,3
9399,5
9400,4
9401,5
9402,2
9403,3
9404,4
9405,3
9406,5
9407,4
9408,5
9409,5
9410,5
9411,5
9412,3
9413,5
9414,4
9415,5
9416,2
9417,4
9418,1
9419,1
9420,5
9421,5
9422,5
9423,5
9424,5
9425,3
9426,5
9427,4
9428,5
9429,4
9430,4
9431,4
9432,1
9433,5
9434,5
9435,5
9436,5
9437,5
9438,2
9439,5
9440,3
9441,5
9442,4
9443,5
9444,5
9445,5
9446,5
9447,5
9448,4
9449,1
9450,3
9451,5
9452,5
9453,3
9454,1
9455,5
9456,1
9457,5
9458,5
9459,5
9460,5
9461,5
9462,3
9463,5
9464,5
9465,4
9466,5
9467,3
9468,5
9469,2
9470,5
9471,5
9472,1
9473,4
9474,5
9475,5
9476,5
9477,4
9478,2
9479,4
9480,2
9481,5
9482,3
9483,3
9484,5
9485,2
9486,2
9487,5
9488,3
9489,5
9490,3
9491,5
9492,3
9493,3
9494,5
9495,5
9496,4
9497,4
9498,5
9499,5
9500,4
9501,4
9502,5
9503,5
9504,5
9505,5
9506,5
9507,4
9508,5
9509,1
9510,5
9511,5
9512,4
9513,4
9514,5
9515,5
9516,5
9517,3
9518,5
9519,4
9520,4
9521,5
9522,1
9523,5
9524,4
9525,4
9526,5
9527,5
9528,5
9529,1
9530,4
9531,3
9532,5
9533,3
9534,5
9535,4
9536,4
9537,4
9538,3
9539,5
9540,5
9541,5
9542,5
9543,5
9544,5
9545,2
9546,4
9547,1
9548,5
9549,2
9550,5
9551,5
9552,1
9553,5
9554,2
9555,1
9556,5
9557,5
9558,4
9559,1
9560,4
9561,3
9562,5
9563,5
9564,5
9565,5
9566,4
9567,5
9568,1
9569,5
9570,5
9571,1
9572,4
9573,4
9574,5
9575,1
9576,5
9577,4
9578,5
9579,5
9580,4
9581,3
9582,5
9583,4
9584,5
9585,5
9586,1
9587,4
9588,5
9589,4
9590,1
9591,4
9592,4
9593,4
9594,5
9595,4
9596,5
9597,5
9598,1
9599,5
9600,5
9601,1
9602,3
9603,4
9604,3
9605,5
9606,4
9607,5
9608,5
9609,1
9610,5
9611,4
9612,5
9613,4
9614,5
9615,4
9616,1
9617,5
9618,5
9619,4
9620,5
9621,4
9622,5
9623,1
9624,5
9625,5
9626,3
9627,5
9628,4
9629,4
9630,5
9631,1
9632,5
9633,1
9634,2
9635,5
9636,5
9637,1
9638,4
9639,1
9640,1
9641,3
9642,5
9643,4
9644,5
9645,5
9646,5
9647,5
9648,5
9649,4
9650,4
9651,2
9652,5
9653,5
9654,5
9655,5
9656,4
9657,4
9658,4
9659,4
9660,4
9661,4
9662,5
9663,5
9664,2
9665,2
9666,3
9667,4
9668,3
9669,5
9670,4
9671,5
9672,3
9673,5
9674,4
9675,3
9676,3
9677,4
9678,4
9679,2
9680,5
9681,5
9682,1
9683,2
9684,3
9685,4
9686,5
9687,1
9688,5
9689,5
9690,5
9691,5
9692,5
9693,5
9694,5
9695,3
9696,5
9697,5
9698,4
9699,3
9700,5
9701,4
9702,5
9703,4
9704,4
9705,5
9706,4
9707,5
9708,1
9709,4
9710,5
9711,4
9712,5
9713,5
9714,5
9715,3
9716,5
9717,1
9718,5
9719,4
9720,5
9721,5
9722,5
9723,3
9724,3
9725,2
9726,5
9727,5
9728,5
9729,3
9730,5
9731,4
9732,4
9733,4
9734,1
9735,4
9736,3
9737,4
9738,1
9739,5
9740,1
9741,4
9742,5
9743,5
9744,5
9745,2
9746,3
9747,5
9748,3
9749,4
9750,5
9751,1
9752,5
9753,1
9754,5
9755,5
9756,5
9757,5
9758,5
9759,2
9760,5
9761,3
9762,4
9763,5
9764,4
9765,5
9766,4
9767,5
9768,1
9769,5
9770,5
9771,3
9772,4
9773,4
9774,5
9775,4
9776,2
9777,5
9778,4
9779,4
9780,5
9781,4
9782,2
9783,5
9784,2
9785,3
9786,5
9787,2
9788,5
9789,5
9790,4
9791,3
9792,3
9793,4
9794,5
9795,5
9796,1
9797,2
9798,3
9799,1
9800,5
9801,4
9802,4
9803,5
9804,4
9805,4
9806,2
9807,5
9808,4
9809,5
9810,5
9811,5
9812,3
9813,4
9814,1
9815,5
9816,5
9817,5
9818,5
9819,1
9820,4
9821,4
9822,5
9823,3
9824,5
9825,4
9826,4
9827,4
9828,4
9829,1
9830,4
9831,5
9832,4
9833,2
9834,5
9835,4
9836,3
9837,5
9838,5
9839,5
9840,5
9841,4
9842,4
9843,5
9844,4
9845,4
9846,1
9847,5
9848,2
9849,5
9850,2
9851,4
9852,4
9853,4
9854,4
9855,3
9856,5
9857,4
9858,2
9859,5
9860,5
9861,5
9862,4
9863,4
9864,5
9865,3
9866,5
9867,4
9868,5
9869,5
9870,4
9871,4
9872,5
9873,5
9874,5
9875,3
9876,4
9877,5
9878,1
9879,4
9880,5
9881,4
9882,1
9883,5
9884,4
9885,5
9886,5
9887,1
9888,3
9889,3
9890,5
9891,1
9892,1
9893,4
9894,1
9895,2
9896,5
9897,5
9898,5
9899,5
9900,5
9901,5
9902,4
9903,5
9904,5
9905,2
9906,4
9907,4
9908,5
9909,2
9910,5
9911,2
9912,5
9913,5
9914,5
9915,5
9916,4
9917,1
9918,5
9919,5
9920,5
9921,4
9922,1
9923,4
9924,5
9925,3
9926,3
9927,4
9928,5
9929,4
9930,5
9931,4
9932,4
9933,3
9934,1
9935,5
9936,4
9937,5
9938,5
9939,4
9940,4
9941,5
9942,1
9943,5
9944,4
9945,5
9946,4
9947,3
9948,5
9949,5
9950,5
9951,5
9952,5
9953,3
9954,1
9955,1
9956,5
9957,5
9958,5
9959,2
9960,5
9961,4
9962,1
9963,4
9964,5
9965,5
9966,5
9967,3
9968,5
9969,4
9970,5
9971,5
9972,4
9973,5
9974,4
9975,4
9976,5
9977,1
9978,4
9979,5
9980,5
9981,5
9982,4
9983,4
9984,4
9985,3
9986,5
9987,4
9988,5
9989,3
9990,4
9991,5
9992,5
9993,5
9994,3
9995,5
9996,3
9997,4
9998,1
9999,5
10000,5
10001,5
10002,5
10003,5
10004,1
10005,1
10006,2
10007,3
10008,5
10009,5
10010,5
10011,4
10012,5
10013,1
10014,5
10015,1
10016,4
10017,5
10018,5
10019,5
10020,3
10021,5
10022,5
10023,1
10024,5
10025,5
10026,4
10027,3
10028,1
10029,1
10030,5
10031,4
10032,5
10033,5
10034,5
10035,5
10036,4
10037,4
10038,2
10039,5
10040,5
10041,4
10042,5
10043,5
10044,4
10045,3
10046,5
10047,4
10048,5
10049,4
10050,5
10051,5
10052,3
10053,4
10054,5
10055,3
10056,5
10057,4
10058,4
10059,4
10060,4
10061,5
10062,3
10063,5
10064,3
10065,2
10066,4
10067,4
10068,1
10069,5
10070,5
10071,5
10072,4
10073,1
10074,5
10075,2
10076,1
10077,4
10078,4
10079,5
10080,5
10081,5
10082,3
10083,1
10084,2
10085,4
10086,5
10087,4
10088,4
10089,2
10090,5
10091,3
10092,4
10093,3
10094,1
10095,4
10096,5
10097,4
10098,4
10099,5
10100,4
10101,4
10102,5
10103,4
10104,1
10105,1
10106,5
10107,3
10108,1
10109,5
10110,5
10111,4
10112,5
10113,2
10114,5
10115,1
10116,4
10117,3
10118,4
10119,1
10120,3
10121,3
10122,1
10123,5
10124,5
10125,5
10126,4
10127,5
10128,5
10129,3
10130,5
10131,4
10132,4
10133,3
10134,5
10135,5
10136,5
10137,2
10138,5
10139,5
10140,5
10141,5
10142,5
10143,5
10144,5
10145,5
10146,5
10147,5
10148,5
10149,5
10150,5
10151,5
10152,5
10153,5
10154,4
10155,2
10156,4
10157,5
10158,3
10159,5
10160,4
10161,5
10162,4
10163,4
10164,5
10165,4
10166,5
10167,5
10168,3
10169,5
10170,5
10171,5
10172,5
10173,5
10174,5
10175,5
10176,5
10177,3
10178,5
10179,4
10180,2
10181,4
10182,1
10183,4
10184,3
10185,4
10186,3
10187,5
10188,1
10189,5
10190,1
10191,4
10192,4
10193,4
10194,5
10195,5
10196,5
10197,4
10198,5
10199,1
10200,2
10201,5
10202,3
10203,3
10204,5
10205,5
10206,3
10207,5
10208,4
10209,5
10210,1
10211,5
10212,4
10213,5
10214,5
10215,5
10216,3
10217,5
10218,1
10219,3
10220,4
10221,5
10222,5
10223,2
10224,4
10225,5
10226,3
10227,5
10228,5
10229,5
10230,1
10231,5
10232,5
10233,2
10234,5
10235,5
10236,4
10237,2
10238,1
10239,5
10240,4
10241,4
10242,5
10243,5
10244,1
10245,3
10246,5
10247,3
10248,5
10249,4
10250,3
10251,5
10252,4
10253,5
10254,4
10255,5
10256,3
10257,5
10258,4
10259,4
10260,1
10261,4
10262,5
10263,5
10264,5
10265,4
10266,5
10267,3
10268,5
10269,5
10270,1
10271,3
10272,5
10273,4
10274,4
10275,5
10276,4
10277,5
10278,2
10279,3
10280,1
10281,4
10282,2
10283,5
10284,5
10285,3
10286,5
10287,5
10288,5
10289,2
10290,5
10291,5
10292,1
10293,5
10294,5
10295,4
10296,5
10297,5
10298,2
10299,1
10300,3
10301,5
10302,5
10303,4
10304,5
10305,3
10306,4
10307,5
10308,3
10309,4
10310,4
10311,5
10312,5
10313,5
10314,3
10315,1
10316,5
10317,5
10318,4
10319,5
10320,4
10321,5
10322,5
10323,5
10324,5
10325,3
10326,4
10327,4
10328,5
10329,4
10330,1
10331,5
10332,4
10333,4
10334,5
10335,5
10336,3
10337,5
10338,4
10339,5
10340,5
10341,4
10342,5
10343,5
10344,4
10345,4
10346,5
10347,5
10348,5
10349,5
10350,5
10351,5
10352,5
10353,5
10354,4
10355,3
10356,2
10357,5
10358,3
10359,1
10360,5
10361,5
10362,1
10363,3
10364,5
10365,5
10366,5
10367,5
10368,5
10369,5
10370,4
10371,4
10372,4
10373,3
10374,4
10375,4
10376,5
10377,5
10378,4
10379,4
10380,5
10381,5
10382,4
10383,1
10384,4
10385,5
10386,5
10387,3
10388,5
10389,5
10390,4
10391,5
10392,4
10393,5
10394,4
10395,1
10396,5
10397,5
10398,5
10399,2
10400,5
10401,5
10402,4
10403,4
10404,5
10405,4
10406,5
10407,5
10408,5
10409,1
10410,4
10411,5
10412,3
10413,5
10414,1
10415,3
10416,4
10417,5
10418,4
10419,5
10420,5
10421,1
10422,5
10423,4
10424,5
10425,5
10426,1
10427,5
10428,4
10429,5
10430,5
10431,4
10432,5
10433,5
10434,5
10435,4
10436,5
10437,4
10438,1
10439,3
10440,3
10441,4
10442,5
10443,5
10444,5
10445,5
10446,5
10447,5
10448,4
10449,4
10450,1
10451,4
10452,4
10453,5
10454,5
10455,4
10456,5
10457,4
10458,4
10459,3
10460,5
10461,5
10462,3
10463,1
10464,5
10465,5
10466,5
10467,5
10468,4
10469,3
10470,5
10471,4
10472,4
10473,5
10474,5
10475,5
10476,5
10477,5
10478,5
10479,5
10480,5
10481,5
10482,5
10483,5
10484,2
10485,4
10486,5
10487,5
10488,4
10489,4
10490,4
10491,5
10492,5
10493,5
10494,5
10495,5
10496,5
10497,4
10498,4
10499,4
10500,5
10501,1
10502,3
10503,5
10504,4
10505,2
10506,3
10507,4
10508,5
10509,3
10510,1
10511,2
10512,5
10513,5
10514,5
10515,5
10516,5
10517,5
10518,5
10519,5
10520,5
10521,5
10522,5
10523,4
10524,4
10525,5
10526,1
10527,1
10528,4
10529,3
10530,3
10531,3
10532,5
10533,1
10534,2
10535,5
10536,2
10537,3
10538,5
10539,5
10540,2
10541,5
10542,5
10543,5
10544,3
10545,2
10546,4
10547,4
10548,5
10549,5
10550,5
10551,5
10552,4
10553,2
10554,5
10555,5
10556,4
10557,5
10558,5
10559,5
10560,3
10561,5
10562,4
10563,2
10564,1
10565,2
10566,5
10567,5
10568,5
10569,3
10570,5
10571,1
10572,5
10573,4
10574,1
10575,5
10576,4
10577,5
10578,5
10579,5
10580,5
10581,3
10582,5
10583,3
10584,3
10585,3
10586,5
10587,5
10588,5
10589,2
10590,5
10591,3
10592,5
10593,5
10594,3
10595,4
10596,3
10597,5
10598,4
10599,5
10600,4
10601,4
10602,5
10603,4
10604,5
10605,4
10606,5
10607,4
10608,5
10609,5
10610,3
10611,3
10612,1
10613,5
10614,5
10615,4
10616,5
10617,4
10618,5
10619,5
10620,4
10621,5
10622,5
10623,5
10624,3
10625,4
10626,5
10627,4
10628,5
10629,5
10630,5
10631,5
10632,5
10633,4
10634,1
10635,4
10636,4
10637,5
10638,2
10639,5
10640,5
10641,5
10642,4
10643,2
10644,4
10645,5
10646,5
10647,5
10648,2
10649,4
10650,5
10651,5
10652,3
10653,3
10654,5
10655,4
10656,2
10657,3
10658,3
10659,1
10660,4
10661,5
10662,5
10663,3
10664,2
10665,5
10666,5
10667,5
10668,3
10669,4
10670,5
10671,5
10672,2
10673,5
10674,4
10675,4
10676,4
10677,4
10678,2
10679,5
10680,5
10681,3
10682,2
10683,5
10684,5
10685,4
10686,4
10687,4
10688,5
10689,5
10690,3
10691,5
10692,4
10693,1
10694,5
10695,5
10696,4
10697,2
10698,5
10699,4
10700,5
10701,2
10702,4
10703,5
10704,5
10705,5
10706,5
10707,5
10708,3
10709,3
10710,5
10711,3
10712,5
10713,3
10714,3
10715,4
10716,4
10717,5
10718,3
10719,5
10720,3
10721,5
10722,4
10723,3
10724,4
10725,3
10726,5
10727,5
10728,3
10729,5
10730,5
10731,4
10732,5
10733,5
10734,3
10735,5
10736,4
10737,2
10738,5
10739,5
10740,5
10741,4
10742,2
10743,1
10744,4
10745,4
10746,5
10747,5
10748,4
10749,4
10750,5
10751,4
10752,5
10753,5
10754,3
10755,4
10756,1
10757,4
10758,5
10759,5
10760,3
10761,5
10762,4
10763,4
10764,1
10765,5
10766,5
10767,5
10768,2
10769,5
10770,4
10771,5
10772,5
10773,5
10774,4
10775,4
10776,3
10777,5
10778,2
10779,5
10780,5
10781,5
10782,1
10783,5
10784,4
10785,4
10786,5
10787,5
10788,4
10789,4
10790,5
10791,5
10792,5
10793,5
10794,4
10795,5
10796,5
10797,4
10798,5
10799,5
10800,5
10801,5
10802,4
10803,5
10804,5
10805,2
10806,3
10807,3
10808,5
10809,2
10810,3
10811,4
10812,5
10813,5
10814,3
10815,5
10816,5
10817,5
10818,5
10819,4
10820,3
10821,4
10822,4
10823,4
10824,5
10825,3
10826,2
10827,4
10828,2
10829,4
10830,5
10831,5
10832,3
10833,4
10834,2
10835,4
10836,5
10837,5
10838,4
10839,5
10840,1
10841,5
10842,5
10843,5
10844,1
10845,4
10846,5
10847,5
10848,5
10849,3
10850,3
10851,5
10852,5
10853,5
10854,3
10855,5
10856,5
10857,4
10858,5
10859,5
10860,1
10861,4
10862,5
10863,5
10864,5
10865,5
10866,5
10867,5
10868,4
10869,5
10870,4
10871,1
10872,4
10873,3
10874,5
10875,4
10876,5
10877,5
10878,4
10879,5
10880,4
10881,4
10882,5
10883,1
10884,5
10885,5
10886,3
10887,5
10888,3
10889,5
10890,1
10891,2
10892,1
10893,5
10894,1
10895,5
10896,1
10897,4
10898,1
10899,5
10900,4
10901,5
10902,5
10903,4
10904,2
10905,4
10906,4
10907,1
10908,1
10909,3
10910,4
10911,5
10912,5
10913,5
10914,2
10915,4
10916,5
10917,5
10918,5
10919,5
10920,5
10921,2
10922,4
10923,5
10924,5
10925,4
10926,4
10927,4
10928,5
10929,5
10930,2
10931,5
10932,5
10933,5
10934,4
10935,4
10936,3
10937,5
10938,2
10939,1
10940,4
10941,4
10942,1
10943,4
10944,5
10945,4
10946,4
10947,4
10948,5
10949,5
10950,5
10951,5
10952,5
10953,5
10954,5
10955,5
10956,5
10957,1
10958,5
10959,4
10960,5
10961,1
10962,2
10963,5
10964,5
10965,4
10966,4
10967,4
10968,4
10969,5
10970,5
10971,3
10972,5
10973,5
10974,5
10975,5
10976,4
10977,3
10978,5
10979,5
10980,4
10981,1
10982,4
10983,5
10984,5
10985,1
10986,2
10987,3
10988,5
10989,4
10990,5
10991,2
10992,5
10993,2
10994,3
10995,5
10996,2
10997,4
10998,3
10999,5
11000,5
11001,5
11002,5
11003,4
11004,4
11005,5
11006,5
11007,5
11008,5
11009,5
11010,5
11011,2
11012,5
11013,5
11014,5
11015,4
11016,3
11017,1
11018,5
11019,5
11020,5
11021,2
11022,1
11023,5
11024,4
11025,5
11026,2
11027,5
11028,5
11029,5
11030,4
11031,5
11032,5
11033,3
11034,5
11035,2
11036,3
11037,5
11038,4
11039,3
11040,5
11041,5
11042,3
11043,5
11044,4
11045,1
11046,4
11047,3
11048,2
11049,4
11050,3
11051,4
11052,4
11053,3
11054,5
11055,3
11056,2
11057,4
11058,1
11059,3
11060,3
11061,4
11062,5
11063,4
11064,5
11065,5
11066,5
11067,5
11068,5
11069,3
11070,2
11071,4
11072,4
11073,4
11074,5
11075,2
11076,4
11077,5
11078,5
11079,3
11080,5
11081,4
11082,5
11083,4
11084,5
11085,4
11086,5
11087,4
11088,5
11089,4
11090,5
11091,5
11092,5
11093,5
11094,5
11095,5
11096,3
11097,3
11098,5
11099,5
11100,1
11101,4
11102,3
11103,5
11104,5
11105,1
11106,1
11107,4
11108,5
11109,4
11110,5
11111,5
11112,4
11113,5
11114,5
11115,5
11116,4
11117,4
11118,4
11119,4
11120,5
11121,5
11122,5
11123,4
11124,5
11125,5
11126,3
11127,5
11128,3
11129,3
11130,5
11131,2
11132,1
11133,5
11134,5
11135,5
11136,5
11137,5
11138,3
11139,3
11140,5
11141,1
11142,5
11143,5
11144,5
11145,5
11146,5
11147,3
11148,5
11149,5
11150,5
11151,2
11152,3
11153,4
11154,5
11155,4
11156,5
11157,4
11158,1
11159,4
11160,5
11161,1
11162,4
11163,5
11164,5
11165,5
11166,5
11167,4
11168,5
11169,5
11170,5
11171,3
11172,4
11173,5
11174,1
11175,5
11176,5
11177,4
11178,5
11179,5
11180,3
11181,4
11182,5
11183,5
11184,1
11185,5
11186,1
11187,5
11188,3
11189,5
11190,3
11191,5
11192,5
11193,5
11194,4
11195,4
11196,5
11197,3
11198,4
11199,5
11200,5
11201,5
11202,5
11203,5
11204,5
11205,3
11206,5
11207,5
11208,4
11209,4
11210,4
11211,5
11212,5
11213,3
11214,3
11215,4
11216,3
11217,5
11218,5
11219,1
11220,1
11221,5
11222,3
11223,5
11224,5
11225,4
11226,2
11227,4
11228,5
11229,3
11230,5
11231,5
11232,1
11233,5
11234,3
11235,4
11236,4
11237,5
11238,2
11239,5
11240,3
11241,2
11242,4
11243,2
11244,4
11245,5
11246,5
11247,1
11248,5
11249,5
11250,1
11251,4
11252,5
11253,5
11254,5
11255,5
11256,5
11257,5
11258,2
11259,5
11260,4
11261,2
11262,5
11263,5
11264,5
11265,3
11266,4
11267,1
11268,4
11269,4
11270,4
11271,5
11272,4
11273,5
11274,1
11275,5
11276,5
11277,5
11278,5
11279,4
11280,4
11281,4
11282,5
11283,5
11284,1
11285,5
11286,4
11287,3
11288,5
11289,5
11290,3
11291,2
11292,4
11293,2
11294,5
11295,4
11296,4
11297,5
11298,4
11299,5
11300,2
11301,4
11302,4
11303,5
11304,5
11305,4
11306,1
11307,4
11308,5
11309,3
11310,3
11311,4
11312,4
11313,4
11314,5
11315,5
11316,5
11317,2
11318,4
11319,4
11320,5
11321,5
11322,5
11323,5
11324,2
11325,5
11326,5
11327,1
11328,3
11329,5
11330,2
11331,5
11332,5
11333,5
11334,3
11335,5
11336,5
11337,5
11338,1
11339,2
11340,4
11341,5
11342,4
11343,5
11344,5
11345,5
11346,5
11347,5
11348,4
11349,4
11350,5
11351,5
11352,5
11353,1
11354,4
11355,5
11356,5
11357,5
11358,2
11359,4
11360,1
11361,5
11362,5
11363,3
11364,5
11365,5
11366,4
11367,5
11368,3
11369,2
11370,4
11371,2
11372,5
11373,4
11374,5
11375,5
11376,5
11377,5
11378,4
11379,5
11380,5
11381,4
11382,3
11383,5
11384,3
11385,5
11386,4
11387,5
11388,5
11389,1
11390,4
11391,4
11392,1
11393,3
11394,2
11395,5
11396,5
11397,5
11398,5
11399,5
11400,4
11401,5
11402,3
11403,4
11404,4
11405,5
11406,4
11407,4
11408,4
11409,3
11410,5
11411,5
11412,1
11413,4
11414,5
11415,3
11416,1
11417,3
11418,3
11419,3
11420,5
11421,4
11422,5
11423,5
11424,5
11425,4
11426,5
11427,4
11428,4
11429,3
11430,5
11431,4
11432,5
11433,5
11434,5
11435,5
11436,4
11437,5
11438,5
11439,4
11440,1
11441,3
11442,5
11443,5
11444,2
11445,4
11446,4
11447,4
11448,4
11449,5
11450,5
11451,1
11452,2
11453,5
11454,3
11455,2
11456,5
11457,4
11458,2
11459,3
11460,4
11461,1
11462,5
11463,5
11464,2
11465,5
11466,5
11467,5
11468,2
11469,3
11470,3
11471,5
11472,4
11473,5
11474,5
11475,4
11476,2
11477,3
11478,1
11479,5
11480,5
11481,5
11482,1
11483,5
11484,5
11485,5
11486,2
11487,5
11488,3
11489,4
11490,4
11491,5
11492,3
11493,4
11494,4
11495,3
11496,5
11497,5
11498,5
11499,5
11500,5
11501,4
11502,5
11503,5
11504,1
11505,2
11506,5
11507,2
11508,4
11509,4
11510,3
11511,5
11512,5
11513,1
11514,5
11515,5
11516,2
11517,5
11518,5
11519,3
11520,4
11521,5
11522,5
11523,1
11524,1
11525,4
11526,5
11527,5
11528,5
11529,5
11530,5
11531,5
11532,4
11533,3
11534,5
11535,1
11536,5
11537,4
11538,3
11539,4
11540,4
11541,4
11542,4
11543,5
11544,4
11545,4
11546,5
11547,3
11548,5
11549,4
11550,4
11551,4
11552,5
11553,5
11554,2
11555,5
11556,5
11557,5
11558,5
11559,3
11560,5
11561,4
11562,1
11563,5
11564,2
11565,4
11566,5
11567,5
11568,4
11569,5
11570,4
11571,5
11572,5
11573,5
11574,5
11575,4
11576,5
11577,5
11578,4
11579,4
11580,5
11581,2
11582,1
11583,4
11584,5
11585,5
11586,4
11587,5
11588,4
11589,5
11590,4
11591,5
11592,1
11593,4
11594,5
11595,4
11596,4
11597,5
11598,5
11599,5
11600,4
11601,5
11602,3
11603,2
11604,4
11605,5
11606,4
11607,4
11608,5
11609,4
11610,5
11611,5
11612,2
11613,4
11614,5
11615,5
11616,5
11617,4
11618,1
11619,5
11620,5
11621,5
11622,5
11623,5
11624,5
11625,1
11626,4
11627,4
11628,5
11629,3
11630,5
11631,2
11632,5
11633,2
11634,4
11635,5
11636,5
11637,3
11638,5
11639,4
11640,5
11641,5
11642,5
11643,4
11644,5
11645,5
11646,4
11647,4
11648,2
11649,5
11650,5
11651,5
11652,2
11653,5
11654,5
11655,5
11656,5
11657,3
11658,2
11659,5
11660,5
11661,3
11662,3
11663,4
11664,5
11665,4
11666,5
11667,4
11668,4
11669,5
11670,4
11671,5
11672,2
11673,5
11674,5
11675,3
11676,4
11677,4
11678,5
11679,3
11680,5
11681,4
11682,4
11683,5
11684,1
11685,4
11686,4
11687,5
11688,5
11689,3
11690,3
11691,5
11692,5
11693,4
11694,4
11695,5
11696,5
11697,3
11698,5
11699,3
11700,5
11701,4
11702,1
11703,1
11704,4
11705,4
11706,5
11707,4
11708,5
11709,5
11710,5
11711,1
11712,4
11713,4
11714,5
11715,4
11716,5
11717,5
11718,5
11719,5
11720,5
11721,2
11722,5
11723,4
11724,5
11725,5
11726,5
11727,5
11728,5
11729,5
11730,5
11731,3
11732,5
11733,5
11734,3
11735,3
11736,4
11737,5
11738,5
11739,5
11740,5
11741,4
11742,5
11743,5
11744,5
11745,5
11746,5
11747,5
11748,4
11749,5
11750,4
11751,5
11752,5
11753,3
11754,4
11755,4
11756,4
11757,5
11758,5
11759,5
11760,5
11761,3
11762,5
11763,5
11764,3
11765,4
11766,5
11767,5
11768,5
11769,3
11770,4
11771,2
11772,2
11773,3
11774,1
11775,2
11776,3
11777,5
11778,5
11779,3
11780,5
11781,3
11782,5
11783,1
11784,4
11785,4
11786,5
11787,3
11788,5
11789,4
11790,5
11791,4
11792,3
11793,5
11794,5
11795,2
11796,5
11797,5
11798,5
11799,5
11800,5
11801,4
11802,5
11803,4
11804,5
11805,5
11806,5
11807,1
11808,5
11809,5
11810,5
11811,5
11812,5
11813,4
11814,5
11815,5
11816,5
11817,5
11818,3
11819,4
11820,5
11821,4
11822,5
11823,4
11824,2
11825,4
11826,2
11827,4
11828,4
11829,5
11830,5
11831,4
11832,4
11833,5
11834,5
11835,5
11836,4
11837,5
11838,5
11839,4
11840,4
11841,5
11842,5
11843,4
11844,5
11845,5
11846,5
11847,1
11848,5
11849,5
11850,4
11851,1
11852,4
11853,5
11854,5
11855,4
11856,4
11857,5
11858,2
11859,4
11860,5
11861,5
11862,3
11863,5
11864,5
11865,2
11866,3
11867,5
11868,5
11869,5
11870,3
11871,5
11872,3
11873,3
11874,2
11875,4
11876,5
11877,4
11878,5
11879,5
11880,3
11881,4
11882,4
11883,4
11884,3
11885,4
11886,5
11887,5
11888,4
11889,1
11890,2
11891,1
11892,5
11893,2
11894,2
11895,5
11896,5
11897,5
11898,2
11899,5
11900,5
11901,5
11902,5
11903,4
11904,5
11905,2
11906,1
11907,5
11908,5
11909,5
11910,3
11911,5
11912,5
11913,5
11914,5
11915,5
11916,5
11917,1
11918,3
11919,5
11920,2
11921,5
11922,5
11923,4
11924,4
11925,4
11926,3
11927,5
11928,3
11929,4
11930,4
11931,5
11932,4
11933,3
11934,5
11935,5
11936,5
11937,2
11938,3
11939,5
11940,5
11941,5
11942,4
11943,5
11944,5
11945,4
11946,2
11947,4
11948,3
11949,5
11950,3
11951,5
11952,3
11953,4
11954,5
11955,5
11956,3
11957,2
11958,3
11959,5
11960,4
11961,5
11962,3
11963,2
11964,4
11965,5
11966,3
11967,5
11968,5
11969,5
11970,5
11971,5
11972,5
11973,4
11974,5
11975,4
11976,5
11977,5
11978,3
11979,4
11980,5
11981,4
11982,1
11983,3
11984,4
11985,4
11986,5
11987,4
11988,5
11989,1
11990,5
11991,5
11992,5
11993,4
11994,5
11995,5
11996,4
11997,4
11998,2
11999,5
12000,1
12001,5
12002,5
12003,5
12004,5
12005,1
12006,4
12007,3
12008,1
12009,5
12010,5
12011,1
12012,5
12013,5
12014,1
12015,5
12016,3
12017,5
12018,5
12019,5
12020,5
12021,5
12022,5
12023,4
12024,5
12025,5
12026,5
12027,3
12028,4
12029,4
12030,3
12031,3
12032,3
12033,3
12034,5
12035,4
12036,5
12037,5
12038,3
12039,5
12040,5
12041,1
12042,3
12043,5
12044,5
12045,5
12046,4
12047,4
12048,3
12049,5
12050,4
12051,5
12052,5
12053,4
12054,5
12055,5
12056,1
12057,4
12058,1
12059,2
12060,1
12061,5
12062,4
12063,5
12064,5
12065,5
12066,3
12067,5
12068,2
12069,4
12070,4
12071,5
12072,4
12073,5
12074,5
12075,3
12076,5
12077,5
12078,5
12079,4
12080,1
12081,5
12082,4
12083,3
12084,4
12085,1
12086,3
12087,4
12088,5
12089,4
12090,4
12091,5
12092,5
12093,5
12094,5
12095,5
12096,3
12097,4
12098,4
12099,4
12100,5
12101,5
12102,4
12103,5
12104,5
12105,4
12106,4
12107,5
12108,5
12109,2
12110,5
12111,5
12112,5
12113,5
12114,3
12115,4
12116,5
12117,5
12118,3
12119,5
12120,3
12121,4
12122,5
12123,4
12124,5
12125,4
12126,2
12127,1
12128,2
12129,4
12130,5
12131,5
12132,4
12133,5
12134,4
12135,5
12136,1
12137,2
12138,5
12139,1
12140,3
12141,5
12142,1
12143,5
12144,2
12145,5
12146,5
12147,5
12148,5
12149,3
12150,4
12151,3
12152,4
12153,5
12154,5
12155,3
12156,4
12157,3
12158,1
12159,4
12160,5
12161,5
12162,5
12163,4
12164,4
12165,5
12166,4
